{"chain_subprj_list":null,"creation_date":"2020-05-27","ligands":[{"description":"N-ACETYL-D-GLUCOSAMINE","name":["NAG"],"number":"1","included":true,"model_binding_residues":["A.635","A.637","B.865","_.1"],"reason":{"bound":true,"relevant":true,"conserved_residues":true,"sterically_valid":true}},{"description":"N-ACETYL-D-GLUCOSAMINE","name":["NAG"],"number":"2","included":false,"model_binding_residues":[],"reason":{"bound":false,"relevant":false,"conserved_residues":false,"sterically_valid":false}},{"description":"N-ACETYL-D-GLUCOSAMINE","name":["NAG"],"number":"3","included":false,"model_binding_residues":[],"reason":{"bound":true,"relevant":true,"conserved_residues":false,"sterically_valid":false}},{"description":"N-ACETYL-D-GLUCOSAMINE","name":["NAG"],"number":"4","included":false,"model_binding_residues":[],"reason":{"bound":false,"relevant":false,"conserved_residues":false,"sterically_valid":false}},{"description":"N-ACETYL-D-GLUCOSAMINE","name":["NAG"],"number":"5","included":false,"model_binding_residues":[],"reason":{"bound":true,"relevant":true,"conserved_residues":false,"sterically_valid":false}},{"description":"N-ACETYL-D-GLUCOSAMINE","name":["NAG"],"number":"6","included":false,"model_binding_residues":[],"reason":{"bound":false,"relevant":false,"conserved_residues":false,"sterically_valid":false}},{"description":"N-ACETYL-D-GLUCOSAMINE","name":["NAG"],"number":"8","included":false,"model_binding_residues":[],"reason":{"bound":false,"relevant":false,"conserved_residues":false,"sterically_valid":false}},{"description":"N-ACETYL-D-GLUCOSAMINE","name":["NAG"],"number":"9","included":false,"model_binding_residues":[],"reason":{"bound":false,"relevant":true,"conserved_residues":true,"sterically_valid":false}},{"description":"N-ACETYL-D-GLUCOSAMINE","name":["NAG"],"number":"10","included":false,"model_binding_residues":[],"reason":{"bound":true,"relevant":true,"conserved_residues":false,"sterically_valid":false}},{"description":"N-ACETYL-D-GLUCOSAMINE","name":["NAG"],"number":"11","included":false,"model_binding_residues":[],"reason":{"bound":false,"relevant":false,"conserved_residues":false,"sterically_valid":false}},{"description":"N-ACETYL-D-GLUCOSAMINE","name":["NAG"],"number":"14","included":false,"model_binding_residues":[],"reason":{"bound":false,"relevant":false,"conserved_residues":false,"sterically_valid":false}},{"description":"N-ACETYL-D-GLUCOSAMINE","name":["NAG"],"number":"15","included":false,"model_binding_residues":[],"reason":{"bound":true,"relevant":true,"conserved_residues":false,"sterically_valid":false}},{"description":"N-ACETYL-D-GLUCOSAMINE","name":["NAG"],"number":"16","included":false,"model_binding_residues":[],"reason":{"bound":false,"relevant":false,"conserved_residues":false,"sterically_valid":false}},{"description":"N-ACETYL-D-GLUCOSAMINE","name":["NAG"],"number":"17","included":false,"model_binding_residues":[],"reason":{"bound":true,"relevant":true,"conserved_residues":true,"sterically_valid":false}},{"description":"N-ACETYL-D-GLUCOSAMINE","name":["NAG"],"number":"18","included":false,"model_binding_residues":[],"reason":{"bound":true,"relevant":true,"conserved_residues":false,"sterically_valid":false}},{"description":"N-ACETYL-D-GLUCOSAMINE","name":["NAG"],"number":"19","included":false,"model_binding_residues":[],"reason":{"bound":false,"relevant":false,"conserved_residues":false,"sterically_valid":false}},{"description":"N-ACETYL-D-GLUCOSAMINE","name":["NAG"],"number":"20","included":false,"model_binding_residues":[],"reason":{"bound":false,"relevant":true,"conserved_residues":true,"sterically_valid":false}},{"description":"N-ACETYL-D-GLUCOSAMINE","name":["NAG"],"number":"21","included":false,"model_binding_residues":[],"reason":{"bound":true,"relevant":true,"conserved_residues":false,"sterically_valid":false}},{"description":"N-ACETYL-D-GLUCOSAMINE","name":["NAG"],"number":"23","included":false,"model_binding_residues":[],"reason":{"bound":true,"relevant":true,"conserved_residues":false,"sterically_valid":false}},{"description":"N-ACETYL-D-GLUCOSAMINE","name":["NAG"],"number":"24","included":false,"model_binding_residues":[],"reason":{"bound":false,"relevant":false,"conserved_residues":false,"sterically_valid":false}},{"description":"N-ACETYL-D-GLUCOSAMINE","name":["NAG"],"number":"25","included":false,"model_binding_residues":[],"reason":{"bound":false,"relevant":false,"conserved_residues":false,"sterically_valid":false}},{"description":"N-ACETYL-D-GLUCOSAMINE","name":["NAG"],"number":"26","included":false,"model_binding_residues":[],"reason":{"bound":false,"relevant":false,"conserved_residues":false,"sterically_valid":false}},{"description":"N-ACETYL-D-GLUCOSAMINE","name":["NAG"],"number":"27","included":false,"model_binding_residues":[],"reason":{"bound":true,"relevant":true,"conserved_residues":false,"sterically_valid":false}},{"description":"N-ACETYL-D-GLUCOSAMINE","name":["NAG"],"number":"28","included":false,"model_binding_residues":[],"reason":{"bound":false,"relevant":false,"conserved_residues":false,"sterically_valid":false}},{"description":"N-ACETYL-D-GLUCOSAMINE","name":["NAG"],"number":"29","included":false,"model_binding_residues":[],"reason":{"bound":false,"relevant":false,"conserved_residues":false,"sterically_valid":false}},{"description":"N-ACETYL-D-GLUCOSAMINE","name":["NAG"],"number":"30","included":true,"model_binding_residues":["B.635","B.637","B.663","C.868","C.869","_.30"],"reason":{"bound":true,"relevant":true,"conserved_residues":true,"sterically_valid":true}},{"description":"N-ACETYL-D-GLUCOSAMINE","name":["NAG"],"number":"31","included":false,"model_binding_residues":[],"reason":{"bound":false,"relevant":false,"conserved_residues":false,"sterically_valid":false}},{"description":"N-ACETYL-D-GLUCOSAMINE","name":["NAG"],"number":"34","included":false,"model_binding_residues":[],"reason":{"bound":false,"relevant":false,"conserved_residues":false,"sterically_valid":false}},{"description":"N-ACETYL-D-GLUCOSAMINE","name":["NAG"],"number":"35","included":false,"model_binding_residues":[],"reason":{"bound":true,"relevant":true,"conserved_residues":false,"sterically_valid":false}},{"description":"N-ACETYL-D-GLUCOSAMINE","name":["NAG"],"number":"36","included":false,"model_binding_residues":[],"reason":{"bound":false,"relevant":false,"conserved_residues":false,"sterically_valid":false}},{"description":"N-ACETYL-D-GLUCOSAMINE","name":["NAG"],"number":"39","included":false,"model_binding_residues":[],"reason":{"bound":true,"relevant":true,"conserved_residues":false,"sterically_valid":false}},{"description":"N-ACETYL-D-GLUCOSAMINE","name":["NAG"],"number":"40","included":false,"model_binding_residues":[],"reason":{"bound":false,"relevant":false,"conserved_residues":false,"sterically_valid":false}},{"description":"N-ACETYL-D-GLUCOSAMINE","name":["NAG"],"number":"41","included":false,"model_binding_residues":[],"reason":{"bound":false,"relevant":true,"conserved_residues":true,"sterically_valid":false}},{"description":"N-ACETYL-D-GLUCOSAMINE","name":["NAG"],"number":"42","included":false,"model_binding_residues":[],"reason":{"bound":false,"relevant":false,"conserved_residues":false,"sterically_valid":false}},{"description":"N-ACETYL-D-GLUCOSAMINE","name":["NAG"],"number":"43","included":false,"model_binding_residues":[],"reason":{"bound":true,"relevant":true,"conserved_residues":false,"sterically_valid":false}},{"description":"N-ACETYL-D-GLUCOSAMINE","name":["NAG"],"number":"44","included":false,"model_binding_residues":[],"reason":{"bound":false,"relevant":false,"conserved_residues":false,"sterically_valid":false}},{"description":"N-ACETYL-D-GLUCOSAMINE","name":["NAG"],"number":"45","included":false,"model_binding_residues":[],"reason":{"bound":false,"relevant":false,"conserved_residues":false,"sterically_valid":false}},{"description":"N-ACETYL-D-GLUCOSAMINE","name":["NAG"],"number":"46","included":false,"model_binding_residues":[],"reason":{"bound":false,"relevant":false,"conserved_residues":false,"sterically_valid":false}},{"description":"N-ACETYL-D-GLUCOSAMINE","name":["NAG"],"number":"47","included":false,"model_binding_residues":[],"reason":{"bound":true,"relevant":true,"conserved_residues":false,"sterically_valid":false}},{"description":"N-ACETYL-D-GLUCOSAMINE","name":["NAG"],"number":"48","included":false,"model_binding_residues":[],"reason":{"bound":false,"relevant":false,"conserved_residues":false,"sterically_valid":false}},{"description":"N-ACETYL-D-GLUCOSAMINE","name":["NAG"],"number":"49","included":false,"model_binding_residues":[],"reason":{"bound":true,"relevant":true,"conserved_residues":false,"sterically_valid":false}},{"description":"N-ACETYL-D-GLUCOSAMINE","name":["NAG"],"number":"50","included":false,"model_binding_residues":[],"reason":{"bound":true,"relevant":true,"conserved_residues":false,"sterically_valid":false}},{"description":"N-ACETYL-D-GLUCOSAMINE","name":["NAG"],"number":"51","included":false,"model_binding_residues":[],"reason":{"bound":false,"relevant":false,"conserved_residues":false,"sterically_valid":false}},{"description":"N-ACETYL-D-GLUCOSAMINE","name":["NAG"],"number":"52","included":false,"model_binding_residues":[],"reason":{"bound":true,"relevant":true,"conserved_residues":false,"sterically_valid":false}},{"description":"N-ACETYL-D-GLUCOSAMINE","name":["NAG"],"number":"53","included":false,"model_binding_residues":[],"reason":{"bound":false,"relevant":false,"conserved_residues":false,"sterically_valid":false}},{"description":"N-ACETYL-D-GLUCOSAMINE","name":["NAG"],"number":"54","included":false,"model_binding_residues":[],"reason":{"bound":true,"relevant":true,"conserved_residues":false,"sterically_valid":false}},{"description":"N-ACETYL-D-GLUCOSAMINE","name":["NAG"],"number":"55","included":false,"model_binding_residues":[],"reason":{"bound":false,"relevant":false,"conserved_residues":false,"sterically_valid":false}},{"description":"N-ACETYL-D-GLUCOSAMINE","name":["NAG"],"number":"56","included":true,"model_binding_residues":["A.868","C.635","C.637","C.663","_.56"],"reason":{"bound":true,"relevant":true,"conserved_residues":true,"sterically_valid":true}},{"description":"N-ACETYL-D-GLUCOSAMINE","name":["NAG"],"number":"57","included":false,"model_binding_residues":[],"reason":{"bound":false,"relevant":false,"conserved_residues":false,"sterically_valid":false}},{"description":"N-ACETYL-D-GLUCOSAMINE","name":["NAG"],"number":"60","included":false,"model_binding_residues":[],"reason":{"bound":true,"relevant":true,"conserved_residues":true,"sterically_valid":false}},{"description":"N-ACETYL-D-GLUCOSAMINE","name":["NAG"],"number":"61","included":false,"model_binding_residues":[],"reason":{"bound":false,"relevant":false,"conserved_residues":false,"sterically_valid":false}},{"description":"N-ACETYL-D-GLUCOSAMINE","name":["NAG"],"number":"62","included":false,"model_binding_residues":[],"reason":{"bound":true,"relevant":true,"conserved_residues":false,"sterically_valid":false}},{"description":"N-ACETYL-D-GLUCOSAMINE","name":["NAG"],"number":"63","included":false,"model_binding_residues":[],"reason":{"bound":true,"relevant":true,"conserved_residues":false,"sterically_valid":false}},{"description":"N-ACETYL-D-GLUCOSAMINE","name":["NAG"],"number":"65","included":false,"model_binding_residues":[],"reason":{"bound":true,"relevant":true,"conserved_residues":false,"sterically_valid":false}},{"description":"N-ACETYL-D-GLUCOSAMINE","name":["NAG"],"number":"66","included":false,"model_binding_residues":[],"reason":{"bound":false,"relevant":false,"conserved_residues":false,"sterically_valid":false}},{"description":"N-ACETYL-D-GLUCOSAMINE","name":["NAG"],"number":"69","included":false,"model_binding_residues":[],"reason":{"bound":true,"relevant":true,"conserved_residues":true,"sterically_valid":false}},{"description":"N-ACETYL-D-GLUCOSAMINE","name":["NAG"],"number":"70","included":false,"model_binding_residues":[],"reason":{"bound":false,"relevant":false,"conserved_residues":false,"sterically_valid":false}},{"description":"N-ACETYL-D-GLUCOSAMINE","name":["NAG"],"number":"71","included":false,"model_binding_residues":[],"reason":{"bound":true,"relevant":true,"conserved_residues":true,"sterically_valid":false}},{"description":"N-ACETYL-D-GLUCOSAMINE","name":["NAG"],"number":"72","included":false,"model_binding_residues":[],"reason":{"bound":false,"relevant":false,"conserved_residues":false,"sterically_valid":false}},{"description":"N-ACETYL-D-GLUCOSAMINE","name":["NAG"],"number":"73","included":false,"model_binding_residues":[],"reason":{"bound":false,"relevant":false,"conserved_residues":false,"sterically_valid":false}},{"description":"N-ACETYL-D-GLUCOSAMINE","name":["NAG"],"number":"74","included":false,"model_binding_residues":[],"reason":{"bound":false,"relevant":false,"conserved_residues":false,"sterically_valid":false}},{"description":"BETA-D-MANNOSE","name":["BMA"],"number":"7","included":false,"model_binding_residues":[],"reason":{"bound":false,"relevant":false,"conserved_residues":false,"sterically_valid":false}},{"description":"BETA-D-MANNOSE","name":["BMA"],"number":"12","included":false,"model_binding_residues":[],"reason":{"bound":false,"relevant":false,"conserved_residues":false,"sterically_valid":false}},{"description":"BETA-D-MANNOSE","name":["BMA"],"number":"22","included":false,"model_binding_residues":[],"reason":{"bound":false,"relevant":false,"conserved_residues":false,"sterically_valid":false}},{"description":"BETA-D-MANNOSE","name":["BMA"],"number":"32","included":false,"model_binding_residues":[],"reason":{"bound":false,"relevant":false,"conserved_residues":false,"sterically_valid":false}},{"description":"BETA-D-MANNOSE","name":["BMA"],"number":"37","included":false,"model_binding_residues":[],"reason":{"bound":false,"relevant":false,"conserved_residues":false,"sterically_valid":false}},{"description":"BETA-D-MANNOSE","name":["BMA"],"number":"58","included":false,"model_binding_residues":[],"reason":{"bound":false,"relevant":false,"conserved_residues":false,"sterically_valid":false}},{"description":"BETA-D-MANNOSE","name":["BMA"],"number":"64","included":false,"model_binding_residues":[],"reason":{"bound":false,"relevant":false,"conserved_residues":false,"sterically_valid":false}},{"description":"BETA-D-MANNOSE","name":["BMA"],"number":"67","included":false,"model_binding_residues":[],"reason":{"bound":false,"relevant":false,"conserved_residues":false,"sterically_valid":false}},{"description":"ALPHA-D-MANNOSE","name":["MAN"],"number":"13","included":false,"model_binding_residues":[],"reason":{"bound":false,"relevant":false,"conserved_residues":false,"sterically_valid":false}},{"description":"ALPHA-D-MANNOSE","name":["MAN"],"number":"33","included":false,"model_binding_residues":[],"reason":{"bound":false,"relevant":false,"conserved_residues":false,"sterically_valid":false}},{"description":"ALPHA-D-MANNOSE","name":["MAN"],"number":"38","included":false,"model_binding_residues":[],"reason":{"bound":false,"relevant":false,"conserved_residues":false,"sterically_valid":false}},{"description":"ALPHA-D-MANNOSE","name":["MAN"],"number":"59","included":false,"model_binding_residues":[],"reason":{"bound":false,"relevant":false,"conserved_residues":false,"sterically_valid":false}},{"description":"ALPHA-D-MANNOSE","name":["MAN"],"number":"68","included":false,"model_binding_residues":[],"reason":{"bound":false,"relevant":false,"conserved_residues":false,"sterically_valid":false}}],"major_issues":[],"mdlchain_butpl_map":{"A":"6crx.1.A","B":"6crx.1.B","C":"6crx.1.C","L_1":"6crx.1.L_1","L_30":"6crx.1.L_30","L_56":"6crx.1.L_56"},"mod_engine":"PROMOD3","modified_template":false,"oligo":{"based_on":"prediction","state":"homo-trimer","state_bu":"homo-trimer","state_tpl":"homo-trimer","qs_prediction":"0.837","qs_conserved":"conserved","chains_to_mdl":3,"res_to_mdl":3600},"plip":null,"pred_lddt":0.7409999967,"qmean_values":{"global_scores":{"qmean4_norm_score":0.669401803,"qmean4_z_score":-2.6916339577,"qmean6_norm_score":0.6488845792,"qmean6_z_score":-2.7629451093,"interaction_norm_score":-0.014835034,"interaction_z_score":-1.4808373194,"cbeta_norm_score":-0.0081645546,"cbeta_z_score":-1.1758395379,"packing_norm_score":-0.2904308571,"packing_z_score":-1.3214719095,"torsion_norm_score":-0.1025832957,"torsion_z_score":-1.9777015155,"ss_agreement_norm_score":0.4030231601,"ss_agreement_z_score":-2.1283731515,"acc_agreement_norm_score":0.6287407407,"acc_agreement_z_score":-0.8038987145,"avg_local_score":0.6868850084,"avg_local_score_error":0.053},"local_scores":{"A":[null,null,null,null,null,null,null,null,null,null,null,null,null,null,null,null,null,null,null,null,null,null,null,null,null,null,null,null,null,null,null,null,0.3950647153,0.5447341384,0.538806072,0.6123521727,0.5531053718,0.5017650338,0.5627556569,0.5197838694,0.5745712385,0.5083149253,0.5816948966,0.5702685466,0.6906288014,0.7255534062,0.7067991877,0.7491626961,0.7219102138,0.7882679562,0.7068598669,0.7590212864,0.7081663992,0.8511167289,0.8457519731,0.8191609585,0.8046190682,0.8107779598,0.7465234478,0.7179103681,0.7390012624,0.6617854853,0.6700907367,0.7125323818,0.7024868169,0.7016100976,0.7463952184,0.7381901132,0.8028596562,0.7597256483,0.7148485302,0.7525269803,0.7597595941,0.7838573911,0.8207555113,0.8221361788,0.7745523396,0.7002036995,0.7401962784,0.7637167075,0.8076284147,0.7899005627,0.7432855175,0.7364078397,0.6459632862,0.6257094821,0.4463067965,0.3989468218,0.3426645663,0.2594260032,0.3012891097,0.3061613396,0.2976857028,0.3213020035,0.3488207573,0.2993303986,0.518205224,0.6138170071,0.704551799,0.7362844144,0.7800331447,0.777743436,0.8377968978,0.854274554,0.8403633413,0.7078234858,0.7327419125,0.8652304067,0.8661361971,0.8418964896,0.8257173354,0.8622238487,0.8221900054,0.7457265113,0.6873633788,0.6418089112,0.6714114254,0.6889930782,0.7057854456,0.7975889835,0.7414458415,0.8573575513,0.8428830398,0.8437273926,0.8417409131,0.822080742,0.7987246987,0.743069221,0.6642476024,0.6788258337,0.6841012068,0.6154908074,0.6608290549,0.717359859,0.7877078927,0.8323794632,0.8400975707,0.8463771716,0.8100433903,0.7200003165,0.6276771025,0.6060155365,0.5866796989,0.7154756769,0.8091243618,0.8163590389,0.8449852008,0.8077471722,0.8169604387,0.8253246888,0.7249683045,0.7449856742,0.60219772,0.5882825621,0.6624896463,0.7026080248,0.6758482489,0.7229792024,0.6654342502,0.6477538548,0.586412631,0.5942429922,0.4570806096,0.2972321467,0.4931604448,0.5095362471,0.5351993813,0.513052311,0.3476888654,0.2746649342,0.2319149617,0.1925144198,0.2043846606,0.2726593584,0.2793422466,0.2568112215,0.4585522034,0.7016642844,0.6293774049,0.6468770776,0.6540365491,0.7743808736,0.7350169054,0.7534079209,0.7681475321,0.7355645553,0.7624783593,0.7605469859,0.8060143702,0.8090782421,0.7864497873,0.5658593891,0.6108553161,0.4086973365,0.4886308015,0.5841532481,0.5759138971,0.5950571232,0.5595612594,0.5927169983,0.6033020987,0.5493168773,0.6576596335,0.6081404775,0.6194899253,0.632257394,0.6773590384,0.7305505521,0.7233117717,0.8142253695,0.8517114094,0.8819705426,0.8538630074,0.8148102242,0.7814880306,0.7780604902,0.68369487,0.7431107717,0.7651475128,0.7932648478,0.7986060812,0.8471360395,0.8162884524,0.8369752454,0.7902522128,0.7375373841,0.7287052252,0.6975486746,0.6046572902,0.6176489796,0.5728239294,0.5515977002,0.4087072783,0.5622842461,0.5999853077,0.6868507199,0.651082221,0.7655311671,0.7392355302,0.7761890595,0.8494695301,0.8255038961,0.7616713831,0.8415554186,0.7462613524,0.7764641137,0.7941944346,0.8008571349,0.789433649,0.7494033084,0.6912590049,0.7578177364,0.7679676904,0.799788296,0.814901517,0.7508958654,0.8131485127,0.7993918511,0.8216088886,0.8037715063,0.7472539628,0.7509869708,0.6313266442,0.5439428489,0.4660641716,0.4752287012,0.2290805615,0.1902330795,0.1938077275,0.2631782895,0.2056022826,0.2145147963,0.2645501891,0.2556885178,0.3011676468,0.4884390939,0.47609672,0.5183377693,0.5756987269,0.6020161829,0.6212443152,0.7172349732,0.7668285895,0.797070636,0.8210334422,0.8513001754,0.8776668042,0.8407863956,0.8199453609,0.7129160962,0.7581771,0.655243676,0.7867332875,0.8256325404,0.8178060543,0.8151893118,0.7874205024,0.776013665,0.8015188482,0.6878407975,0.7819462563,0.7883041868,0.8224746934,0.8161695391,0.8346962479,0.8214850858,0.8574187939,0.8489095633,0.8275065335,0.8356854735,0.8405205472,0.7507004042,0.7846571296,0.8696014761,0.8466744784,0.8531649189,0.7955271064,0.8505974405,0.8099209151,0.8529469556,0.7691723583,0.7626922405,0.7268809252,0.8031163422,0.7661846685,0.8096604827,0.8302136387,0.7568342892,0.8117983761,0.8769662588,0.8664047095,0.8350175049,0.7725179586,0.7875635832,0.771759193,0.7549742989,0.7632812783,0.6956937737,0.7805769993,0.7306172286,0.8098760528,0.7563864072,0.7185768352,0.7839126218,0.7754617136,0.7761102267,0.6518224937,0.5768853013,0.572159554,0.4993906934,0.4032938272,0.4387700647,0.6806116524,0.6260046387,0.6908704088,0.6979777093,0.6550341996,0.6784079739,0.6018253817,0.7418657569,0.6480470177,0.5400851327,0.7029068657,0.6520743599,0.6023817584,0.7012645633,0.7866621723,0.7561891302,0.763530695,0.6781907436,0.7530407645,0.6820472239,0.7118710177,0.5945402665,0.6745932663,0.6383655359,0.6724914422,0.5765500522,0.5017457316,0.6106451473,0.6908871354,0.7356263137,0.5168847722,0.4826832385,0.4786378088,0.4585401615,0.5919995908,0.4774704592,0.4995198861,0.5394091691,0.5020755928,0.5190134038,0.6301450923,0.6608785978,0.6383862791,0.5871456649,0.6548179613,0.6493347222,0.5864673026,0.3077906382,0.2545704409,0.2907789882,0.3524044926,0.4696129014,0.4419892395,0.3913415419,0.4299430425,0.4893616982,0.5203065708,0.5183618023,0.4949592096,0.5587559002,0.648822452,0.6886910482,0.6541934549,0.7971214646,0.7579969834,0.7732123892,0.7660869195,0.8111358701,0.7818959198,0.6886298927,0.7785465666,0.7226177971,0.7200574886,0.7807068541,0.64915252,0.6814190479,0.7250511456,0.7001901558,0.6996196498,0.6816084675,0.6706108149,0.6625722961,0.6652813089,0.6695579093,0.7081317525,0.7225273015,0.6711693936,0.6531749672,0.72992813,0.6981974693,0.6523632957,0.6396330971,0.6189885613,0.5659155283,0.603189148,0.4216923859,0.5272197861,0.7023765747,0.7538462025,0.7894470165,0.7569980731,0.8135887671,0.7133355572,0.7337053881,0.7297145348,0.712226535,0.6944155402,0.6989949695,0.7032777867,0.7534098967,0.6873557103,0.6601599944,0.6807404454,0.7041936666,0.7170276688,0.6736350808,0.6006758069,0.6016023342,0.6444187715,0.7164746422,0.6357750462,0.6520755695,0.5567577792,0.5281486627,0.5084709891,0.5580959131,0.6170534154,0.7065802395,0.7100300185,0.7097854131,0.6558506242,0.6711958648,0.5978482147,0.6330141579,0.628861415,0.6153766352,0.5383947726,0.5611615511,0.5643136121,0.5737272672,0.5656619081,0.4492514954,0.4397113193,0.4312284407,0.4573630429,0.4380801843,0.5035770881,0.4019396427,0.411685651,0.3384529355,0.3716909118,0.4019328672,0.3628139185,0.4741236588,0.573286843,0.534335993,0.5750643593,0.6708034724,0.7000173182,0.6223940061,0.6495625688,0.6812597085,0.7693644771,0.7016916114,0.6341711506,0.6947915779,0.6859015638,0.6480043424,0.7445712269,0.6794519031,0.7023875569,0.6402655617,0.6892149003,0.7796543921,0.7477305614,0.7328385847,0.8349727874,0.8130376841,0.8320760781,0.7402813946,0.6687270269,0.473205528,0.5079341225,0.4645207399,0.4385401459,0.3742837148,0.4036159518,0.2871153417,0.2971417677,0.545972706,0.6625578536,0.5734876835,0.6253439038,0.5826090228,0.5525758826,0.5569259738,0.6188683001,0.6906172069,0.6537097038,0.684716579,0.725775868,0.725565469,0.7142430586,0.7318929482,0.7663670454,0.8024149215,0.8035059835,0.7817583228,0.765949259,0.7316605815,0.6383657004,0.6028749832,0.7279614942,0.7571878919,0.8223520034,0.7979680811,0.8625296452,0.8096757216,0.787511928,0.7923472771,0.7533192004,0.7663902249,0.7133207401,0.7269768847,0.6829223344,0.6739737849,0.7005925101,0.6732764909,0.5007850262,0.6844082987,0.6897019453,0.7295828636,0.8018324843,0.6846978867,0.5957687512,0.4360108948,0.4879948816,0.5194506512,0.6545295819,0.7331877448,0.7433805431,0.821599499,0.815577887,0.6993219009,0.741563351,0.683525392,0.6003110041,0.6457034479,0.6553959683,0.6804759097,0.7155794703,0.7663207148,0.7653736691,0.78017431,0.7272018352,0.7411965463,0.730369439,0.747122041,0.7372913231,0.7937059337,0.8061784345,0.8486581025,0.8767538358,0.8914384222,0.885747895,0.8651292779,0.8276300271,0.8407810677,0.7959730468,0.7669760171,0.761630474,0.7745470906,0.7661951802,0.6920549024,0.829181981,0.8512713321,0.8633264289,0.8448150208,0.8091250311,0.743309123,0.6679862021,0.7165165303,0.6698095497,0.7279762741,0.6427645868,0.648386263,0.7670214896,0.7830293278,0.7364121093,0.7917427288,0.7413707133,0.6764223632,0.7584893222,0.7473340599,0.7220780262,0.7811860678,0.7793795631,0.7714260363,0.7252192681,0.7011452128,0.6412705434,0.7302674781,0.7012993555,0.6931478764,0.6981794236,0.6481293431,0.590012493,0.6289700324,0.7182853245,0.7000231727,0.6796325463,0.6646874885,0.6418056699,0.7796042583,0.8055427799,0.8096556673,0.8380406821,0.8194573063,0.7367197714,0.7642207612,0.6327406843,0.6677814366,0.6396895106,0.678708426,0.6259277991,0.7027272074,0.723788618,0.739840943,0.8204326829,0.8335366948,0.8619314435,0.8893632912,0.8592154587,0.8228825683,0.7208722048,0.7959352078,0.823578171,0.8603796043,0.8477492253,0.8051059294,0.7197478067,0.6267825571,0.5346205519,0.4340448369,0.3530026306,0.3142276336,0.3014318726,0.2561841474,0.298791702,0.2415184678,0.2707922266,0.2977749588,0.3154133408,0.346082861,0.404942808,0.4060118748,0.5608553608,0.6464124622,0.7007077352,0.7079052888,0.8239671414,0.7656934278,0.7852995105,0.7332177517,0.7255200295,0.5521370135,0.5463886265,0.5248268934,0.4105045838,0.4062827893,0.4767560889,0.531107368,0.4775658618,0.383614746,0.6681451041,0.6898311695,0.7197357562,0.7640088469,0.7321827159,0.7557158217,0.7201179714,0.7695333362,0.7461322641,0.7159170173,0.7550638816,0.8342899992,0.8559092339,0.8438207603,0.9008651417,0.8594315545,0.8483200706,0.84778514,0.8634825871,0.8455630561,0.88629265,0.870206184,0.8638353435,0.79770156,0.803170209,0.7572324916,0.8009185384,0.8327413767,0.8156793752,0.776370473,0.7618694473,0.706212807,0.6899700556,0.7638616028,0.8136039004,0.5939391541,0.6885815542,0.6278300215,0.7395595291,0.7388325192,0.6906372495,0.7805326005,0.7259633115,0.6854024401,0.6909962106,0.6889860194,0.6872635731,0.6722936652,0.6583557153,0.6695291839,0.6806487758,0.7003348241,0.720855781,0.7461713227,0.7671245311,0.7857716189,0.7776321792,0.7603681959,0.8217017539,0.8187169853,0.781754909,0.8184220129,0.7916655199,0.8199791074,0.7682567102,0.7494796965,0.7517045203,0.7517067811,0.7452835102,0.8278256628,0.8224701566,0.7421102958,0.7601836832,0.8256375436,0.7905628741,0.7855804995,0.6830152285,0.7140477161,0.5888340729,0.6140531365,0.674990238,0.676356299,0.656831136,0.6963486828,0.6812187831,0.5996277155,0.6173383865,0.6591793587,0.7090560698,0.71300301,0.7215232909,0.8079006238,0.766282281,0.7865246379,0.7745369763,0.7367373201,0.7482272252,0.8228832082,0.8123773457,0.781774028,0.649128271,0.5908535988,0.5517609177,0.5380630819,0.4983594707,0.656194683,0.6924661739,0.685804812,0.7833502692,0.7974726672,0.8415664713,0.8257819055,0.8126398603,0.8086147265,0.8196925007,0.7545033728,0.7174382807,0.6954918488,0.6800279139,0.4346641316,0.3498854967,0.272901781,0.2545380571,0.3441440194,0.3358705636,0.3700801178,0.3264665861,0.3852807318,0.585524482,0.5989225281,0.6615945636,0.6104372699,0.5809806455,0.5403165677,0.5270363994,0.4331985395,0.3053741328,0.2271268898,0.205719728,0.1824844652,0.3897004917,0.4390709819,0.4742661627,0.4977401567,0.55441032,0.5327279472,0.5581225498,0.5109119464,0.6346084392,0.75125704,0.7196511765,0.7389273971,0.7679462568,0.7539305023,0.778500711,0.8104832052,0.7049969561,0.7112728677,0.7315062941,0.7872700272,0.7332928839,0.7210255184,0.8408021918,0.8785832302,0.7944756022,0.8254212917,0.8600154243,0.8353566434,0.8169709132,0.8155353461,0.8277069947,0.8072828905,0.8166765022,0.7980163229,0.7693454404,0.7335418455,0.7169217324,0.6682943347,0.5188013455,0.5954300576,0.6422277051,0.6570120656,0.6090332865,0.6160644588,0.5704219409,0.6631474678,0.6294358233,0.6531088023,0.6499345913,0.6829287521,0.7179420736,0.7793846782,0.6077623303,0.6882055546,0.7507980059,0.7713859518,0.6821985556,0.7142468099,0.7751748575,0.7180782645,0.7014678531,0.7444167991,0.7705057497,0.7146508321,0.6740736558,0.6999307099,0.6110040635,0.7360921019,0.759891365,0.5672369036,0.569561909,0.7072334791,0.7295950259,0.6547922351,0.7314596703,0.7684276106,0.8039012038,0.7864216221,0.7920748332,0.8269044145,0.8387379875,0.8338367788,0.850532241,0.8289580118,0.8499074399,0.786119425,0.7992509574,0.7672961144,0.7570308032,0.7800168853,0.7520692808,0.7486768286,0.6805676409,0.5698987888,0.562920733,0.5966266464,0.6170634967,0.7218954527,0.7911205408,0.7555927823,0.7841050069,0.7181133676,0.7450952606,0.804520195,0.7337729468,0.7275910598,0.761943717,0.7707454782,0.7235234919,0.7234557281,0.8326980558,0.7816917206,0.7359857636,0.7733272687,0.782424471,0.7026851419,0.6905072354,0.7183047428,0.702598128,0.6257946093,0.6914616059,0.6194842438,0.5695675726,0.5249174425,0.5387875787,0.4428599201,0.6126749083,0.6712564861,0.6469169155,0.6644157671,0.6139381939,0.6014697435,0.5829635134,0.4946854403,0.5589772458,0.5475833755,0.6318345156,0.5553649097,0.555335321,0.4841344184,0.5315390278,0.65005726,0.6557932404,0.698042754,0.7047508613,0.7927924897,0.7664202558,0.69003418,0.8069032076,0.8115924577,0.7721025713,0.8300995885,0.7733109576,0.8258866681,0.7439237294,0.8332162509,0.8402754497,0.7616122054,0.8045859927,0.8272597808,0.8383677855,0.7372929737,0.7559446401,0.796008636,0.7939530688,0.6926760819,0.7511834322,0.8571877873,0.7666103963,0.7233931473,0.8102329428,0.7340543528,0.7183811214,0.8234633057,0.8579947804,0.7119701937,0.7506355618,0.8563912853,0.8365592037,0.7758587458,0.7882149834,0.7911118822,0.7979008651,0.6953947343,0.7544601903,0.8212156373,0.7667663276,0.7709006298,0.6919081825,0.7464969639,0.700285975,0.7000876269,0.5737396749,0.6824819637,0.7230043193,0.8129126014,0.7834223932,0.6962029504,0.7855303468,0.7776967747,0.8054961116,0.8438742527,0.8053286658,0.8719502299,0.8531319258,0.8877828886,0.8491467622,0.8684278367,0.8753906838,0.8469334917,0.8057948264,0.8923765554,0.8846002885,0.8856182226,0.8656918301,0.8453440295,0.8417468386,0.8661801173,0.8428221981,0.8167924067,0.8267142251,0.8087860322,0.6568067952,0.6303204356,0.6534672762,0.6886362868,0.7268993794,0.753803769,0.7777302417,0.7815123839,0.7591957295,0.7818804875,0.7811803438,0.7459822178,0.7359981249,0.6915841144,0.7114019222,0.7671525901,0.7163815895,0.7641584298,0.7240377732,0.7168709136,0.7371195251,0.6178341696,0.6330795875,0.7262588401,0.7537057792,0.7105704903,0.7570986108,0.7696294748,0.6923656878,0.667089468,0.6447147968,0.6790129634,0.7151133445,0.7201618489,0.7962055791,0.7676713248,0.6796940028,0.5755571356,0.7475642895,0.744789478,0.7444167573,0.7333512312,0.7506641755,0.6784245804,0.6773457871,0.7244699104,0.6909808679,0.6789768316,0.6732727335,0.6877405778,0.7123907426,0.6649019177,0.7014377705,0.677173471,0.681283918,0.6648182354,0.6762632892,0.5425864455,0.5913581215,0.5738492759,0.4897287499,0.6385498133,0.6372978107,0.6926980859,0.6729209126,0.680366972,0.6695888915,0.7241240679,0.6544595549,null,null,null,null,null,null,null,null,null,null,null,null,null,null,null,null,null,null,null,null,null,null,null,null,null,null,null,null,null,null,null,null,null,null,null,null,null,null,null,null,null,null,null,null,null,null,null,null,null,null,null,null,null,null,null,null,null,null,null,null,null,null,null,null,null,null,null,null,null,null,null,null,null,null,null,null,null,null,null,null,null,null,null,null,null,null,null,null,null,null,null,null,null,null,null,null,null,null,null,null,null,null,null,null,null,null,null,null,null,null,null,null,null,null,null,null,null,null,null,null,null,null,null,null],"B":[null,null,null,null,null,null,null,null,null,null,null,null,null,null,null,null,null,null,null,null,null,null,null,null,null,null,null,null,null,null,null,null,0.3843087331,0.5343619039,0.5615233948,0.491009399,0.4977130121,0.4805616624,0.5116167795,0.4500814611,0.4498576625,0.4309591857,0.4917479992,0.5449541502,0.6368276548,0.7111088519,0.6865867188,0.737356864,0.7389886485,0.8039017833,0.7131654035,0.7752094025,0.7352672695,0.8862864432,0.8583482104,0.8259584685,0.7884168169,0.7586455614,0.6989079689,0.700416363,0.7203715894,0.6572473285,0.6902127403,0.7208608015,0.7150180626,0.7407531011,0.7575674311,0.7503755947,0.8069702699,0.7732479973,0.7207064869,0.7446477004,0.7641605833,0.7970914356,0.8474699154,0.8504479415,0.7799879448,0.7298750967,0.784912775,0.7765712865,0.811769486,0.7481360145,0.6950075555,0.7254544636,0.6603153252,0.6403327651,0.5135435774,0.5224637522,0.5143467248,0.5940772467,0.3096638883,0.3003793033,0.2964448739,0.313837742,0.2769466913,0.2798154197,0.2599682858,0.2829933077,0.3611751206,0.3044960656,0.4570271227,0.671575448,0.7251665807,0.8468972116,0.8406319625,0.8230320045,0.7408390834,0.8727988457,0.888202397,0.8618300645,0.8676432092,0.8785131233,0.8305144997,0.7526071291,0.6492921021,0.6227006803,0.6443602562,0.6807484448,0.7143993743,0.7714347631,0.7263968406,0.8570696688,0.8236724276,0.8342955561,0.8423443381,0.8517701726,0.8099948062,0.775989003,0.7254058441,0.7334123383,0.7589329969,0.7321236594,0.7206075505,0.7230433202,0.8242043314,0.8473085375,0.8337814798,0.8422387707,0.8181406226,0.7563733778,0.6187663665,0.6501934994,0.599642706,0.7252370108,0.8069830884,0.8178840559,0.8313302936,0.8116674204,0.8363191246,0.8457246824,0.7656098803,0.7640614467,0.6644007508,0.6638088079,0.6563258783,0.5802561367,0.6296349333,0.690004334,0.6362258006,0.6319924921,0.5976952088,0.5791057759,0.4862729318,0.4285510334,0.4764846218,0.5252642734,0.5350960388,0.4749165519,0.3388029116,0.3996331956,0.2854500227,0.2157976982,0.2478790206,0.2823699348,0.2664035699,0.3182287734,0.4759012262,0.6452290641,0.6001062491,0.620856699,0.6852628896,0.7517932278,0.7902360588,0.8016325959,0.7704606046,0.7327254705,0.745962709,0.7554636783,0.785797336,0.8074421704,0.763156108,0.5964343576,0.6225340524,0.4764572634,0.5440740964,0.5557103449,0.6061878631,0.5913393561,0.5950615175,0.6294524868,0.6107763313,0.6066426126,0.6517995826,0.6271947619,0.6383253354,0.6248997221,0.6409884067,0.7467989937,0.7141132375,0.8240427236,0.8484753503,0.8634202005,0.8436011188,0.8195054727,0.7993321673,0.7737499546,0.7197177356,0.7642920755,0.7677144061,0.8024135299,0.8149397927,0.810385213,0.8216451991,0.8300156615,0.7725386537,0.738715847,0.7379595873,0.6953597811,0.6386159823,0.6447319847,0.5965766779,0.6097385006,0.5821143665,0.6643558009,0.6783372186,0.7379661794,0.6733414244,0.7914230962,0.767296826,0.748997045,0.8617562887,0.8297601704,0.7626755155,0.8172356653,0.7516866214,0.7673771684,0.753051164,0.8000794722,0.8206779221,0.7632767885,0.732070153,0.7548039133,0.7674992687,0.8152092161,0.8136550685,0.7359048392,0.8046922916,0.7510728824,0.8035738565,0.7436375761,0.7031413857,0.7107871146,0.6402097191,0.5634987246,0.4640832479,0.5029583942,0.2428813515,0.2132647249,0.1960707582,0.3755366409,0.2907228814,0.2494422396,0.2921322306,0.3222801139,0.3944333728,0.4549765496,0.422764408,0.508442343,0.5707094131,0.5632873222,0.6102379464,0.716545516,0.7531258345,0.7901001452,0.8242095117,0.8577829094,0.8848869628,0.8449554608,0.8332258837,0.715719219,0.7368903722,0.6489094939,0.7804871661,0.8191880164,0.8228527748,0.833760112,0.8236486146,0.8113495197,0.8257756746,0.7475689518,0.7670290567,0.7991834437,0.81938524,0.8317187306,0.853380357,0.8458246316,0.8883139601,0.8647356121,0.837411534,0.8456944315,0.8328920903,0.7699386984,0.778643663,0.8614472689,0.840977395,0.8478210839,0.8030475089,0.8537285357,0.8147631561,0.8529357761,0.7895634559,0.7831554465,0.7386063065,0.7955165007,0.8128214574,0.7853182084,0.8199768433,0.7184921479,0.8014761107,0.8893871726,0.8601940316,0.8363027876,0.7860879613,0.8021185361,0.7824615118,0.7595506374,0.753201998,0.6721914059,0.7568912358,0.6953780381,0.780516173,0.701786183,0.664117571,0.7644092159,0.7376746329,0.7662577123,0.6407593926,0.6134475191,0.5936149851,0.5511919468,0.4563539751,0.5114112472,0.5404501028,0.5559390067,0.3767160527,0.412291244,0.5532607864,0.5730696339,0.5337710013,0.6200048335,0.5119444692,0.5349984474,0.6374364081,0.6583036177,0.642445267,0.703339579,0.79504843,0.7536241029,0.7385723004,0.6569583826,0.7203178714,0.5862791984,0.6466045804,0.5699422276,0.5333632677,0.5376118744,0.5964803882,0.5488688073,0.461903491,0.4946540953,0.5810429113,0.6222333368,0.441178551,0.5087837131,0.5104638076,0.5170426239,0.6271110918,0.5249519131,0.5871917612,0.6518964215,0.6965069514,0.6789028101,0.7374349863,0.7743569058,0.6870818193,0.6439004164,0.6489215564,0.6035269081,0.4070007168,0.3702911891,0.2347400301,0.2826718571,0.3859084783,0.4218722979,0.4095390004,0.4478689427,0.3930444858,0.3690937955,0.3859532378,0.4036897702,0.4811815033,0.5972737221,0.6463051757,0.637194076,0.6180173495,0.6883090308,0.720099461,0.767222906,0.7401596764,0.773488191,0.7566230224,0.6802170116,0.7707621743,0.7034244421,0.6998490812,0.757903313,0.6186725137,0.692557389,0.705143344,0.7170432434,0.6924216622,0.5374878383,0.6696290709,0.6092321504,0.7007576966,0.6911228905,0.6812681191,0.6471673399,0.6693352938,0.665808442,0.7135971569,0.5515240317,0.5988312453,0.5680671748,0.660204106,0.6077619551,0.5651552,0.3126236958,0.4947652328,0.6495462168,0.6764995067,0.740019471,0.7443739219,0.8011815948,0.7333591241,0.7163861326,0.7643751007,0.7306827271,0.7283155532,0.7038031557,0.7474389459,0.760515047,0.677381926,0.5944610469,0.6554335026,0.7197848235,0.7233539631,0.6700934926,0.5990037805,0.5851142475,0.6530396439,0.732915626,0.6544424651,0.6720681713,0.5306705961,0.501663224,0.4509289693,0.5296108602,0.6101262826,0.6815941945,0.6597457954,0.6259731853,0.5182712152,0.637562941,0.6641168824,0.6595821467,0.6272501731,0.5433404146,0.5971009104,0.5635810404,0.5300351604,0.5331189066,0.4592152385,0.4821429099,0.45887279,0.4973923539,0.4654472156,0.4296691699,0.3848354772,0.3823947765,0.4347858365,0.3784419586,0.4092051121,0.4924381059,0.3894705875,0.5189151503,0.5187545053,0.5331932886,0.5363081696,0.6457914922,0.7119994753,0.6846376899,0.7081981015,0.7125827926,0.8074677767,0.7237175564,0.6455811732,0.6857403052,0.6465442543,0.6239734244,0.7409204806,0.676855848,0.7064081595,0.6445935786,0.6763293688,0.7741603409,0.7178333769,0.7441298327,0.8055989922,0.7861647375,0.762111237,0.672855985,0.6641632777,0.4990005393,0.5246851052,0.333175703,0.3137269022,0.3411264348,0.3808854133,0.282507795,0.3578491549,0.5449222055,0.5865933304,0.5132854278,0.5839034482,0.5856285678,0.4654880387,0.5360614623,0.5965060142,0.669066011,0.6363813232,0.65351207,0.6895195049,0.7183721484,0.7269129035,0.7345486816,0.7973231318,0.7986840816,0.7705256672,0.7654080424,0.7249884662,0.6840318,0.6463889649,0.6128147579,0.6849969597,0.6879553931,0.803711328,0.7762089046,0.8443469286,0.7994691901,0.7850218593,0.7889474592,0.7577021394,0.7257222049,0.6917629291,0.7149918723,0.6597032193,0.6643587176,0.6831654319,0.6599523756,0.5739261487,0.6485456623,0.66210845,0.6847332951,0.7255475306,0.6378376935,0.544506676,0.3658821882,0.4199366094,0.4040603354,0.5949826137,0.6990969556,0.7014051697,0.8011151728,0.8004583818,0.6785537634,0.7100562095,0.6791652167,0.6111469579,0.6391333334,0.6309473922,0.6625108742,0.6931616451,0.7591247414,0.7409431376,0.7490090406,0.7046939286,0.7226983156,0.7170416293,0.7366857675,0.7254324769,0.8052524373,0.8075999717,0.8572172374,0.8887161826,0.8907256247,0.8837795895,0.8654787102,0.8574932403,0.8242027201,0.7819610418,0.7316554706,0.7142912861,0.7706947198,0.7721011401,0.7711010082,0.8470207741,0.8768481762,0.8756825625,0.8615428563,0.8270641266,0.752092931,0.6573960917,0.7246434849,0.6916194247,0.7543584386,0.6648561217,0.6654577729,0.7654926984,0.7615637311,0.7154057916,0.783685445,0.720026912,0.6444314635,0.7305201729,0.7224764646,0.6919028915,0.767626797,0.7497788785,0.7392670132,0.7291147902,0.6860142183,0.6393430757,0.7339821679,0.7040046354,0.7122360154,0.6862051906,0.7169320071,0.683425086,0.7428308934,0.7863612023,0.7515706214,0.7195225293,0.7577215043,0.664567348,0.8039049219,0.84165655,0.8495790135,0.8789026943,0.8554527151,0.8723543598,0.8532237855,0.7642383739,0.7729582191,0.7752147829,0.7104217538,0.6689890693,0.7086320808,0.7254304006,0.7186204856,0.8250185947,0.8516293984,0.8676629021,0.8946767545,0.8626496171,0.8217202666,0.6719993839,0.8106384776,0.8346377098,0.8737049354,0.8985020893,0.8584462403,0.7989700797,0.7311230273,0.6496051645,0.582435375,0.4477256724,0.2791456495,0.2584886936,0.2300025426,0.2164540233,0.2567189954,0.2151177453,0.2536326628,0.230022315,0.1997482182,0.3347666466,0.5318505419,0.6750262484,0.7921360392,0.8172831422,0.818957759,0.8802908712,0.8072369515,0.7717750593,0.7148481997,0.6973900256,0.5772069352,0.4918472798,0.4595854239,0.3974015252,0.3956858831,0.4381901986,0.5035455612,0.3646226014,0.3534704258,0.601347048,0.6211284934,0.7354097614,0.7493076094,0.7308361619,0.757741591,0.7388035743,0.8015754742,0.7708475019,0.7698899085,0.7639467143,0.8183926933,0.8299043923,0.8318694881,0.8694838918,0.8495881634,0.8329499759,0.8369129162,0.8593877466,0.8729123807,0.8817427134,0.8688408523,0.864406737,0.7742600201,0.7913196531,0.7752263407,0.8184605729,0.8339623009,0.8218039147,0.7912630015,0.7724229807,0.6957789403,0.6892242628,0.789094943,0.8438971874,0.8016136736,0.7488158507,0.7246487578,0.773859228,0.7591022459,0.7323642569,0.7714777889,0.7850347656,0.7583553884,0.7607024916,0.740083575,0.7271392666,0.6939320728,0.6660329281,0.7066683753,0.6715522944,0.7238069741,0.7179759572,0.7478953804,0.7633997332,0.7985357454,0.7895551736,0.7710214038,0.8431963577,0.8308176122,0.7987851584,0.8440402032,0.8203565368,0.8508964165,0.7956093582,0.7899329689,0.7912868324,0.7906159606,0.7794563479,0.8404674435,0.8184446494,0.7629449699,0.7816919254,0.8383680468,0.7970380369,0.8051297727,0.7081538688,0.7205464376,0.6174187613,0.5949839515,0.6542140809,0.6582208825,0.6687173794,0.696266473,0.6697510301,0.5976921469,0.6136510108,0.6515453069,0.6982480905,0.6819858689,0.6847618562,0.7433424678,0.7392865789,0.7745587631,0.7771117522,0.7529019587,0.755915662,0.8225350262,0.8118717899,0.8100312347,0.7052596644,0.6742091722,0.6188805408,0.5235296579,0.5588668922,0.6734354923,0.7026838016,0.726476061,0.809973685,0.7962724005,0.8303138193,0.8237987941,0.8117985938,0.787340372,0.8115394472,0.757289574,0.6862896411,0.6968648702,0.6784214523,0.5554235862,0.3702093813,0.4164662382,0.5085996227,0.3632313205,0.5080480343,0.3979082948,0.4614732908,0.502543943,0.6242456433,0.6592025932,0.6742687704,0.6708661012,0.6461526765,0.6599916653,0.6809767716,0.5578709249,0.2716571716,0.2295119506,0.2036791063,0.2479475853,0.3825601312,0.4778130037,0.4779505526,0.5595058617,0.5715080355,0.575191961,0.5993139539,0.5605910396,0.6707653097,0.7666854491,0.7303941589,0.7297442524,0.7959035196,0.7592226562,0.8020145059,0.8650506286,0.763395597,0.7751338701,0.8175677698,0.8098718856,0.7585677635,0.7733222692,0.8341753548,0.8697650575,0.7863691984,0.8169221752,0.8530824599,0.8347773568,0.8144340377,0.8125784583,0.8370867711,0.8037572551,0.7915426111,0.783926387,0.7768993567,0.7263545245,0.749134712,0.7116615429,0.5688721136,0.6478243986,0.6669477228,0.6904470228,0.6686000813,0.6552735028,0.5510177828,0.6677866401,0.6530367974,0.6490726822,0.713925728,0.7234185434,0.7347194163,0.774221201,0.6615281479,0.7573311168,0.7766370497,0.7883168085,0.7130841402,0.7283055874,0.7859211403,0.7338839498,0.7105850905,0.7295475249,0.7815406274,0.7443247061,0.7203078666,0.7117607813,0.6144016092,0.7753870471,0.7617894718,0.519517603,0.5835107632,0.7515298681,0.7371080932,0.7112152683,0.7554810489,0.7820637917,0.8030062251,0.7748882894,0.7768487482,0.7317269308,0.8164541564,0.8248991524,0.8352813979,0.8074219396,0.8379482299,0.7615582422,0.7792044032,0.7497583031,0.7503003193,0.7556578333,0.7308868408,0.6825936103,0.6118762666,0.5118139371,0.4488450013,0.5439897278,0.6116519187,0.7127302319,0.7403390574,0.7323462303,0.7496412649,0.7113250241,0.7527600274,0.7812346271,0.7475445745,0.7222590291,0.717991462,0.7607182613,0.7690491926,0.7326249095,0.8177231256,0.7840080608,0.7528048912,0.7837379591,0.7873647676,0.7700462801,0.7205409895,0.7140682509,0.7066953104,0.6332231995,0.7085418434,0.6442895858,0.4910016448,0.44129368,0.5804258214,0.5084339994,0.624664249,0.6256472465,0.6156661306,0.6517849919,0.6483551661,0.6502972727,0.6735137204,0.5351868037,0.5569919523,0.5206691002,0.5733420947,0.5718128402,0.5475925829,0.5404867926,0.5127912013,0.6919192201,0.6615914405,0.6764472522,0.7074420874,0.7995658492,0.7772204692,0.692916118,0.8154744949,0.8057208824,0.7474546709,0.8283489724,0.7728888881,0.818068334,0.7503773781,0.836843469,0.8316847735,0.7589066175,0.7931450202,0.8201610903,0.841861725,0.7380069266,0.7366100817,0.7992719976,0.7836302431,0.6702440991,0.7461900154,0.8556608797,0.7603653829,0.7195594862,0.7980393468,0.7214807183,0.7209233371,0.8268964456,0.8680374926,0.7385279008,0.7548461935,0.8703372486,0.8437846848,0.7786340854,0.8114079207,0.8172177837,0.8336046715,0.7502831222,0.8075101506,0.8403054049,0.7911211645,0.7712933488,0.7083353767,0.7593805511,0.7164980416,0.7143898376,0.5584913545,0.6441768582,0.7612808545,0.8304472776,0.8312427548,0.7296880345,0.8062226213,0.7859397178,0.8060735266,0.8447094109,0.8070715242,0.8806816511,0.8594122933,0.8937639046,0.8447186335,0.8751189389,0.8800059203,0.8485182004,0.817850686,0.8904720037,0.8922046787,0.8935984074,0.8745429949,0.8514442817,0.8423481657,0.8649582343,0.8469592115,0.8142486407,0.8117533384,0.8046478379,0.685654193,0.6755418883,0.6789493244,0.7183654055,0.726227782,0.7553463997,0.7907506496,0.8066039381,0.80189068,0.7855156538,0.7918271991,0.7658141249,0.7472033487,0.6893026984,0.6926812087,0.7712208318,0.7422182374,0.8018867376,0.7349417556,0.7335614101,0.7768293478,0.6647665372,0.6672210975,0.735743213,0.762545605,0.7420487284,0.7784417289,0.7826639567,0.7228362122,0.6794904926,0.64370645,0.6844413551,0.7355231496,0.7242542785,0.801921259,0.7778579008,0.721544125,0.6727466053,0.7538727036,0.7462156177,0.7600801207,0.7253459948,0.7502422694,0.6573469217,0.6621432439,0.7189314307,0.6998640285,0.714389694,0.6917482299,0.7050979662,0.7462052049,0.6713418925,0.7138297562,0.7126133764,0.7225584012,0.694132702,0.7131061328,0.5718288526,0.6343443021,0.5797154106,0.4550973184,0.6921859142,0.6882069063,0.6951487219,0.6806055128,0.6457763693,0.6443809699,0.7269150983,0.6417919332,null,null,null,null,null,null,null,null,null,null,null,null,null,null,null,null,null,null,null,null,null,null,null,null,null,null,null,null,null,null,null,null,null,null,null,null,null,null,null,null,null,null,null,null,null,null,null,null,null,null,null,null,null,null,null,null,null,null,null,null,null,null,null,null,null,null,null,null,null,null,null,null,null,null,null,null,null,null,null,null,null,null,null,null,null,null,null,null,null,null,null,null,null,null,null,null,null,null,null,null,null,null,null,null,null,null,null,null,null,null,null,null,null,null,null,null,null,null,null,null,null,null,null,null],"C":[null,null,null,null,null,null,null,null,null,null,null,null,null,null,null,null,null,null,null,null,null,null,null,null,null,null,null,null,null,null,null,null,0.4067961787,0.6052109032,0.6220813727,0.6563313809,0.6190716136,0.5645015565,0.5346921801,0.496297002,0.5416407763,0.4966634278,0.5830803493,0.5564769669,0.647413461,0.7226985503,0.701423161,0.7272122285,0.7228259192,0.8090006792,0.7391084818,0.805556103,0.7595770228,0.8998307068,0.853259232,0.8262682704,0.8060391383,0.7331538319,0.7376931824,0.6821611867,0.7118084453,0.6548293115,0.6575269952,0.7085021988,0.747892175,0.7355737484,0.7755756154,0.7358548431,0.7955417067,0.7748058904,0.7359769252,0.7737098237,0.8058949041,0.8251620825,0.8543176421,0.8715172225,0.8076879524,0.754991185,0.8014533827,0.7622354698,0.8040814391,0.7900062703,0.7555222102,0.7417540045,0.6751067289,0.6923315249,0.5141042494,0.5026074706,0.4689610439,0.3580290699,0.2809580567,0.2706642872,0.2557357645,0.2991580664,0.3100716209,0.2829960296,0.5306544928,0.6624507444,0.7176998355,0.7611454773,0.7830979999,0.8023589852,0.8393896888,0.860160795,0.8352443772,0.778904786,0.7548601555,0.8789533533,0.8799041796,0.8545598893,0.856462201,0.8718364749,0.8359265331,0.769627814,0.6816869645,0.6376291729,0.6774134792,0.7344748457,0.7465497188,0.8163288454,0.753635198,0.8647914716,0.8644473151,0.8551779502,0.8692259931,0.8589407981,0.7218746535,0.6938383365,0.7395394832,0.7127556365,0.7369003003,0.6583750049,0.6750570401,0.711797102,0.8449873234,0.8686197167,0.8641591147,0.8624864144,0.8327079829,0.7525749428,0.6569952742,0.6717398661,0.6490086648,0.7279848481,0.7966284597,0.8090782227,0.8399775119,0.8251311925,0.8405654161,0.8121949639,0.7260060661,0.7283661095,0.6585363047,0.6634249436,0.6638993599,0.6853711984,0.700087367,0.7118405924,0.6680235906,0.6765521321,0.624067335,0.6204272277,0.4945266889,0.3615395124,0.4614082354,0.4771319792,0.544672272,0.5351393933,0.5779344557,0.4260134509,0.2430955834,0.3162769779,0.3360498585,0.3611587161,0.3092433001,0.3274120486,0.4908361719,0.7144258007,0.6309066881,0.6445501807,0.71049775,0.7547279719,0.7509846368,0.7246682915,0.7788570577,0.7287733663,0.7719376391,0.7732514597,0.7709708714,0.7790252251,0.7271368571,0.6035991302,0.5869162465,0.4922031548,0.5507869713,0.5815430084,0.627298577,0.582995197,0.5630864623,0.6210597261,0.5785782203,0.5930218696,0.6493077834,0.6383128002,0.6608259719,0.6478293459,0.676830532,0.7637186204,0.7303218662,0.8230187324,0.8519995151,0.8891180874,0.8703300578,0.8302598947,0.802384486,0.6744054129,0.5549368333,0.6570756256,0.6933358839,0.8042425987,0.814983295,0.8385946216,0.8035050134,0.803244342,0.7390027183,0.7151501911,0.7369099041,0.7257405109,0.6745740435,0.6654309267,0.6266074626,0.6041813764,0.5781347121,0.6443828206,0.7258851293,0.7392776717,0.6820036177,0.7954608189,0.7454341923,0.70371009,0.8576473018,0.8255233066,0.7652574524,0.8088644528,0.713631467,0.7296028665,0.700626912,0.737399282,0.6501885417,0.7385221017,0.7331102793,0.7495389496,0.6894567021,0.8163680827,0.7817605793,0.7273684258,0.8446231227,0.8157421473,0.8377059641,0.8175608557,0.762259672,0.7499254134,0.642932526,0.6006447936,0.4773233172,0.426383329,0.2822228415,0.2190943091,0.2412057016,0.3092388209,0.253430276,0.3086534146,0.3237176853,0.2686901823,0.313863674,0.5383025075,0.5308583602,0.5499854042,0.5961207446,0.6129877793,0.637749205,0.759331158,0.8017806805,0.8074320286,0.8237462724,0.8325153105,0.873140018,0.8210180812,0.8272218178,0.7499034888,0.81157165,0.7003145699,0.8210257143,0.84462804,0.8366073697,0.8217806853,0.7924227259,0.77236025,0.7738943594,0.717983508,0.7619849201,0.7794874496,0.8106278844,0.8026186382,0.8357961485,0.8301368381,0.8765530613,0.8670264638,0.8549692902,0.8563803799,0.8538374405,0.7723970673,0.779275742,0.8662059619,0.8336065895,0.8451361569,0.7912170073,0.84114374,0.8099655142,0.8504198926,0.7560379138,0.765745831,0.760162084,0.8222566246,0.8003317363,0.8087947022,0.8328871411,0.7499987618,0.8157178332,0.8942233359,0.8673284251,0.8329063205,0.760670163,0.787074503,0.7749191175,0.7832903256,0.7631930494,0.6896846385,0.77325989,0.7271282884,0.7971843158,0.7528826936,0.6987855363,0.772385948,0.7769020833,0.8024758268,0.6790496496,0.6395953603,0.6254913616,0.5622377721,0.4962867734,0.5747264435,0.6965879105,0.6359664877,0.6577922196,0.6851699618,0.561515521,0.5984772613,0.6206706097,0.7259719932,0.598306555,0.5216495918,0.657472204,0.6269920479,0.612124436,0.6921466581,0.8139718783,0.7611923343,0.7530940127,0.6543180639,0.7057226243,0.6658127414,0.719890557,0.6372880415,0.625310731,0.6213294026,0.6493149888,0.5760952115,0.5364372854,0.6194239483,0.5860707789,0.6145377654,0.5759336297,0.4618787368,0.4613619809,0.4814770235,0.5690358347,0.5386124107,0.5631182425,0.6211131292,0.6233769766,0.5858075926,0.6595449347,0.6649049304,0.6432511459,0.5970354442,0.5879060445,0.6064180103,0.5437774098,0.2995072914,0.2912790338,0.3464925044,0.4445217174,0.4490926588,0.4509837992,0.3855440376,0.3549396985,0.4961983299,0.4270532632,0.4841164476,0.4249016588,0.5437756945,0.6071094012,0.6456257345,0.6283340335,0.7309863399,0.7262123852,0.7964707188,0.7742929756,0.8164537474,0.7927348465,0.6661879182,0.7214905144,0.6921428197,0.7009068782,0.6885660247,0.6137253756,0.6393805383,0.6669478872,0.7143353805,0.7088436487,0.5747443606,0.6556002683,0.6677157104,0.7593552891,0.6309627908,0.6801920686,0.6797795026,0.7010725774,0.6738890425,0.7188196175,0.6266639938,0.6387572685,0.6783199301,0.7179624521,0.4849548754,0.5415122128,0.3744988235,0.5333200761,0.5884828069,0.6348454202,0.6996157186,0.6846477388,0.7886121391,0.690355846,0.6699448863,0.7194471182,0.7157818287,0.6990157656,0.6934993324,0.7619282931,0.7692927738,0.7199351887,0.6615347252,0.7114267498,0.7414188733,0.740684316,0.6708140208,0.6685482284,0.6982945274,0.660350933,0.6856958622,0.6346642562,0.6893060798,0.6675690954,0.5742298018,0.5823016757,0.6419776524,0.6402478559,0.7065339118,0.6839250266,0.7124333309,0.6214783998,0.6561072072,0.5955343311,0.674713983,0.6049681645,0.616897166,0.5895879198,0.4737663009,0.5489330965,0.601575911,0.5953827642,0.5957653632,0.5055694604,0.5238245029,0.5242348125,0.5113601333,0.5764597181,0.4908860882,0.4850655435,0.4305131622,0.4685133184,0.4675780097,0.3742393458,0.5105603484,0.6258991152,0.5881036177,0.5862634933,0.6617486008,0.6694510962,0.6607953351,0.6719074778,0.6650989536,0.752420473,0.7287861742,0.673205323,0.7511164087,0.675509597,0.5970333875,0.6777116582,0.6319683612,0.6723526914,0.6522749897,0.6840233979,0.7970287194,0.7417144861,0.7276830141,0.7747841361,0.788313019,0.7821726994,0.6002818546,0.5811068023,0.5598450792,0.5472468965,0.3901544452,0.3585794105,0.36840053,0.3947024763,0.3813547377,0.3054530237,0.5068148749,0.6200669006,0.5788912025,0.626002766,0.6000226854,0.4805226426,0.5607949193,0.6316128148,0.6884460345,0.6811522627,0.7070128859,0.7647512851,0.7689693454,0.7321495189,0.7418843393,0.7468600722,0.786678999,0.7987008664,0.7747579135,0.7891442789,0.775094874,0.7023750247,0.6929110716,0.7748311024,0.791900744,0.8159571424,0.7925052377,0.8383891774,0.7954750178,0.7893687623,0.7844537522,0.7537362901,0.7423037148,0.6963336375,0.7135851682,0.6726722296,0.6771230588,0.6976417728,0.6755746774,0.5574645047,0.677277488,0.687859633,0.7365427955,0.7566857246,0.6629587281,0.5853459435,0.4131386132,0.4712060531,0.4204480385,0.5837078931,0.7243502808,0.7166419686,0.8125618222,0.8086467627,0.6843263639,0.7306766119,0.7130229315,0.6226815246,0.6317537807,0.6356919481,0.6642587023,0.7002653324,0.7658112835,0.7384244835,0.7691065079,0.7105769527,0.7156749198,0.7038722383,0.7143741528,0.7299756163,0.8029782297,0.7994879472,0.8495995963,0.872415151,0.8917453867,0.8879521396,0.867536186,0.8546574669,0.8300549123,0.7876232061,0.7027584271,0.7058258481,0.7277822728,0.7461244543,0.726273359,0.8480619493,0.8781690724,0.8731640668,0.8621379714,0.8318784347,0.7574638575,0.6485860078,0.728607296,0.6929360058,0.7568061364,0.6599170073,0.6565050648,0.7610147237,0.7714952381,0.7362213798,0.7784245928,0.7354192915,0.6761203781,0.7529463639,0.7478591499,0.7187955205,0.7794662472,0.773507361,0.7807797859,0.7185836113,0.7070728569,0.6350810014,0.7270522319,0.6871239766,0.7139460149,0.7169389594,0.7128345218,0.65470377,0.7180997136,0.7763536717,0.7461438835,0.7254745859,0.754336617,0.6799854288,0.8079899858,0.85082359,0.8479442965,0.8744605961,0.8498291013,0.851476209,0.8498552828,0.7544979958,0.7623097697,0.760183511,0.7276723241,0.732685038,0.7475448649,0.7150799267,0.7219071055,0.8195090206,0.8345305404,0.8703307572,0.8847245996,0.8551694696,0.7958900451,0.63911837,0.7740128304,0.8093532865,0.8544595745,0.8854003076,0.8239997551,0.7501774259,0.6544669828,0.4982305061,0.4481722834,0.3865876501,0.2611402874,0.2458680208,0.2254864569,0.2862368685,0.2566485382,0.2552266771,0.2445629903,0.2627131811,0.2648729736,0.3719751032,0.4460668882,0.6084388558,0.7383116965,0.7886623679,0.8143380108,0.8702715677,0.791300152,0.7734652399,0.7132032199,0.7028566804,0.5571194964,0.4951125542,0.5004114934,0.3928021817,0.3718731452,0.3947659796,0.4783153273,0.4399648709,0.3782992948,0.6527550094,0.7035053515,0.7303170194,0.7509661566,0.7336460311,0.7586802739,0.7331939615,0.7935364761,0.7682667805,0.7760022983,0.7795543905,0.8201836078,0.8567885083,0.8787929833,0.8940366767,0.8516561206,0.8488653304,0.8533768213,0.8698434841,0.8835471058,0.8998713635,0.8701902579,0.864983926,0.7856352581,0.7931456188,0.7452124699,0.8025884363,0.821975482,0.8181431076,0.7914390353,0.7764033452,0.7271669363,0.7005979464,0.778721475,0.804614315,0.7615630732,0.7370872409,0.7039367316,0.7545058208,0.7422332465,0.6988056556,0.7638059632,0.7620588794,0.719473373,0.7186485186,0.6753294568,0.6472161784,0.6680514047,0.6829609635,0.7312243564,0.7388202351,0.7606006889,0.7577479077,0.768991504,0.7742021884,0.8000311931,0.7906463574,0.7745154119,0.8408601487,0.8222780499,0.7982912582,0.8444756586,0.8256217691,0.85048181,0.7998699622,0.7804095811,0.7742630315,0.7800159969,0.7742857908,0.8382767947,0.8326886591,0.7652066788,0.7748399109,0.8379675061,0.7947916426,0.7885011774,0.697743234,0.7196799921,0.6015956905,0.6157320236,0.6681345696,0.6810774495,0.6664222044,0.7013986074,0.6876937779,0.6264778284,0.6282856834,0.6550153292,0.6992691125,0.692792128,0.7183719514,0.7621354672,0.7481363419,0.7741935865,0.7788908371,0.7799303405,0.7536199391,0.823068104,0.8167538531,0.8101481235,0.6894851014,0.6398680845,0.6033034415,0.551065876,0.5218172057,0.5942512768,0.6382785036,0.7156558189,0.7834692369,0.7591132633,0.8191787607,0.820799665,0.8007984576,0.7876018275,0.8145153091,0.7272267112,0.6822706868,0.7171751932,0.6700438441,0.5152115495,0.4875633721,0.3291228957,0.2835472433,0.2781767523,0.3175790529,0.3425199184,0.3257522269,0.3192090597,0.5599146265,0.5742414327,0.6162370497,0.5928272864,0.5795284602,0.508092159,0.4402887016,0.4627971309,0.3149878434,0.2241879626,0.2549625346,0.1694159968,0.3029165785,0.4270281213,0.4026199616,0.3938496657,0.5175361254,0.5184045199,0.5554254239,0.5118964917,0.6336257844,0.7584859014,0.7328594778,0.7179862625,0.7431325164,0.7276931959,0.7619430725,0.8420406587,0.7470455569,0.7750313661,0.8085567591,0.8077414714,0.7448823388,0.7120533878,0.8426319732,0.8783071844,0.7900062872,0.8272470601,0.8602001938,0.8421117444,0.8446767842,0.8325006898,0.8485323076,0.8243119606,0.8218779329,0.8142106795,0.7790649233,0.709834732,0.7347178847,0.6549556743,0.5256579849,0.6215602656,0.6623482348,0.7014935416,0.6775909338,0.6497011718,0.6070742387,0.70305185,0.6755198274,0.6700959297,0.6948676122,0.6883499417,0.6730604125,0.7548544481,0.6208871503,0.7062020478,0.762463028,0.8035082023,0.7064584127,0.7186681557,0.7771203098,0.73835027,0.718888536,0.7449341837,0.7751941031,0.7434977603,0.7269005376,0.7122146063,0.6153923359,0.7428108401,0.7526439519,0.5940643774,0.5791073863,0.7361527013,0.7412789907,0.7082705733,0.7605236596,0.7771294229,0.8044689046,0.7740578507,0.7833133191,0.8103152333,0.8189705338,0.8310768596,0.8458357524,0.8139285563,0.8412383202,0.7744959845,0.7810018315,0.7501296227,0.7014101494,0.75840932,0.7210679363,0.7246282934,0.6558415924,0.5069740034,0.2624435096,0.4692083774,0.5674854862,0.7253123322,0.7415227928,0.7279187002,0.7734085896,0.7232584692,0.7375904496,0.7831343827,0.7547861529,0.725802136,0.7246407776,0.7552481255,0.7460241863,0.7008953793,0.8182240568,0.7540096893,0.6984672351,0.7519952686,0.7676884765,0.6839087916,0.6665475124,0.7052242966,0.6728953097,0.5571861591,0.6811685021,0.6108393481,0.5151824019,0.4561060376,0.5476861664,0.5110219358,0.5814600305,0.6407163971,0.6238868341,0.6501879895,0.5898742809,0.5710023659,0.5710114595,0.5137233057,0.5231741448,0.513311903,0.5727761071,0.5380414779,0.5456810898,0.558917778,0.5461788315,0.658083947,0.6442705219,0.675363198,0.6972820022,0.7772832992,0.7511305579,0.6671407601,0.8024580748,0.797202075,0.7606288597,0.792451944,0.7396565415,0.8055881767,0.7128526135,0.8290222965,0.8445891949,0.7883646299,0.8261949306,0.8302146596,0.842598467,0.7358672755,0.7355120452,0.8011589241,0.7980591184,0.6967326702,0.7465535747,0.8628059602,0.7732937563,0.7242751139,0.8104792657,0.7445230612,0.7116149363,0.8243415911,0.8658522709,0.7331618258,0.7610251506,0.8683901231,0.845243216,0.7818311943,0.8011516352,0.8079874108,0.8286417828,0.7117124801,0.787739404,0.82614405,0.7835062987,0.779965658,0.7297230133,0.7743120878,0.7226103865,0.7004840119,0.591553496,0.6985222631,0.7189614676,0.7960482393,0.7622766172,0.636865117,0.7331331337,0.775297192,0.7989902204,0.8501738258,0.8068388541,0.8720629985,0.8604088179,0.9005990424,0.8519237309,0.8767354651,0.8938336291,0.8464638177,0.8161631831,0.9043777259,0.8810551279,0.9000071914,0.8768667058,0.8527432801,0.8355989959,0.8625475863,0.8488542824,0.8203287312,0.8257737751,0.8343505099,0.754217515,0.6668519596,0.6810620084,0.7172869739,0.7320935138,0.7553587178,0.7781323477,0.7892079354,0.7703804976,0.7589972639,0.7965283491,0.7737021798,0.7535572567,0.6984070958,0.7406445041,0.8076317957,0.743552127,0.816037422,0.7363760663,0.7221552111,0.769569046,0.6648050753,0.6677311044,0.7438912033,0.7625152599,0.7683330846,0.7851964597,0.7828315197,0.7035984015,0.6763292283,0.6470101894,0.6895500313,0.7315380999,0.7535555482,0.8042870302,0.7695458933,0.7174409288,0.6056597721,0.6734784389,0.711966528,0.7564121946,0.7333974206,0.7688701861,0.6741797784,0.6829604196,0.7373656953,0.7221252083,0.7191815945,0.6812383995,0.7088718751,0.7408663206,0.6781324146,0.7485668021,0.7390414911,0.7525361045,0.7399529043,0.7277685126,0.5954885817,0.6371096529,0.5634766574,0.4794015302,0.6708144771,0.6671951573,0.7341622865,0.7022787062,0.6789330376,0.6619362417,0.7377125335,0.6576020987,null,null,null,null,null,null,null,null,null,null,null,null,null,null,null,null,null,null,null,null,null,null,null,null,null,null,null,null,null,null,null,null,null,null,null,null,null,null,null,null,null,null,null,null,null,null,null,null,null,null,null,null,null,null,null,null,null,null,null,null,null,null,null,null,null,null,null,null,null,null,null,null,null,null,null,null,null,null,null,null,null,null,null,null,null,null,null,null,null,null,null,null,null,null,null,null,null,null,null,null,null,null,null,null,null,null,null,null,null,null,null,null,null,null,null,null,null,null,null,null,null,null,null,null]}},"residue_range":[{"chain_name":"A","residue_from":"33","residue_to":"1157"},{"chain_name":"B","residue_from":"33","residue_to":"1157"},{"chain_name":"C","residue_from":"33","residue_to":"1157"}],"templates":["8edbaea753d6d25f016814ef4fa8a1887c889981"],"tpl_info":{"6crx.1.A":{"origin":"reference database","label_asym_id":"A","label_smtl_id":"A","entity_type":"polymer","entity_id":"1"},"6crx.1.B":{"origin":"reference database","label_asym_id":"B","label_smtl_id":"B","entity_type":"polymer","entity_id":"1"},"6crx.1.C":{"origin":"reference database","label_asym_id":"C","label_smtl_id":"C","entity_type":"polymer","entity_id":"1"},"6crx.1.L_1":{"origin":"reference database","label_asym_id":"D","label_smtl_id":"1","entity_type":"non-polymer","entity_id":"2"},"6crx.1.L_30":{"origin":"reference database","label_asym_id":"GA","label_smtl_id":"30","entity_type":"non-polymer","entity_id":"2"},"6crx.1.L_56":{"origin":"reference database","label_asym_id":"GB","label_smtl_id":"56","entity_type":"non-polymer","entity_id":"2"}}}