{"chain_subprj_list":null,"creation_date":"2020-05-27","ligands":[{"description":"N-ACETYL-D-GLUCOSAMINE","name":["NAG"],"number":"1","included":false,"model_binding_residues":[],"reason":{"bound":false,"relevant":true,"conserved_residues":true,"sterically_valid":false}},{"description":"N-ACETYL-D-GLUCOSAMINE","name":["NAG"],"number":"2","included":false,"model_binding_residues":[],"reason":{"bound":false,"relevant":true,"conserved_residues":true,"sterically_valid":false}},{"description":"N-ACETYL-D-GLUCOSAMINE","name":["NAG"],"number":"3","included":false,"model_binding_residues":[],"reason":{"bound":false,"relevant":false,"conserved_residues":false,"sterically_valid":false}},{"description":"N-ACETYL-D-GLUCOSAMINE","name":["NAG"],"number":"4","included":false,"model_binding_residues":[],"reason":{"bound":true,"relevant":true,"conserved_residues":true,"sterically_valid":false}},{"description":"N-ACETYL-D-GLUCOSAMINE","name":["NAG"],"number":"5","included":false,"model_binding_residues":[],"reason":{"bound":true,"relevant":true,"conserved_residues":true,"sterically_valid":false}},{"description":"N-ACETYL-D-GLUCOSAMINE","name":["NAG"],"number":"6","included":false,"model_binding_residues":[],"reason":{"bound":false,"relevant":false,"conserved_residues":false,"sterically_valid":false}},{"description":"N-ACETYL-D-GLUCOSAMINE","name":["NAG"],"number":"7","included":false,"model_binding_residues":[],"reason":{"bound":false,"relevant":true,"conserved_residues":true,"sterically_valid":false}},{"description":"N-ACETYL-D-GLUCOSAMINE","name":["NAG"],"number":"8","included":false,"model_binding_residues":[],"reason":{"bound":false,"relevant":false,"conserved_residues":false,"sterically_valid":false}},{"description":"N-ACETYL-D-GLUCOSAMINE","name":["NAG"],"number":"9","included":false,"model_binding_residues":[],"reason":{"bound":false,"relevant":true,"conserved_residues":true,"sterically_valid":false}},{"description":"N-ACETYL-D-GLUCOSAMINE","name":["NAG"],"number":"10","included":false,"model_binding_residues":[],"reason":{"bound":false,"relevant":false,"conserved_residues":false,"sterically_valid":false}},{"description":"N-ACETYL-D-GLUCOSAMINE","name":["NAG"],"number":"11","included":false,"model_binding_residues":[],"reason":{"bound":true,"relevant":true,"conserved_residues":true,"sterically_valid":false}},{"description":"N-ACETYL-D-GLUCOSAMINE","name":["NAG"],"number":"12","included":false,"model_binding_residues":[],"reason":{"bound":false,"relevant":false,"conserved_residues":false,"sterically_valid":false}},{"description":"N-ACETYL-D-GLUCOSAMINE","name":["NAG"],"number":"13","included":false,"model_binding_residues":[],"reason":{"bound":false,"relevant":false,"conserved_residues":false,"sterically_valid":false}},{"description":"N-ACETYL-D-GLUCOSAMINE","name":["NAG"],"number":"14","included":false,"model_binding_residues":[],"reason":{"bound":false,"relevant":false,"conserved_residues":false,"sterically_valid":false}},{"description":"N-ACETYL-D-GLUCOSAMINE","name":["NAG"],"number":"15","included":false,"model_binding_residues":[],"reason":{"bound":true,"relevant":true,"conserved_residues":true,"sterically_valid":false}},{"description":"N-ACETYL-D-GLUCOSAMINE","name":["NAG"],"number":"16","included":false,"model_binding_residues":[],"reason":{"bound":false,"relevant":true,"conserved_residues":true,"sterically_valid":false}},{"description":"N-ACETYL-D-GLUCOSAMINE","name":["NAG"],"number":"17","included":false,"model_binding_residues":[],"reason":{"bound":false,"relevant":true,"conserved_residues":true,"sterically_valid":false}},{"description":"N-ACETYL-D-GLUCOSAMINE","name":["NAG"],"number":"18","included":false,"model_binding_residues":[],"reason":{"bound":true,"relevant":true,"conserved_residues":true,"sterically_valid":false}},{"description":"N-ACETYL-D-GLUCOSAMINE","name":["NAG"],"number":"19","included":false,"model_binding_residues":[],"reason":{"bound":false,"relevant":true,"conserved_residues":true,"sterically_valid":false}},{"description":"N-ACETYL-D-GLUCOSAMINE","name":["NAG"],"number":"20","included":false,"model_binding_residues":[],"reason":{"bound":true,"relevant":true,"conserved_residues":true,"sterically_valid":false}},{"description":"N-ACETYL-D-GLUCOSAMINE","name":["NAG"],"number":"21","included":false,"model_binding_residues":[],"reason":{"bound":false,"relevant":true,"conserved_residues":true,"sterically_valid":false}},{"description":"N-ACETYL-D-GLUCOSAMINE","name":["NAG"],"number":"22","included":false,"model_binding_residues":[],"reason":{"bound":false,"relevant":false,"conserved_residues":false,"sterically_valid":false}},{"description":"N-ACETYL-D-GLUCOSAMINE","name":["NAG"],"number":"23","included":false,"model_binding_residues":[],"reason":{"bound":false,"relevant":false,"conserved_residues":false,"sterically_valid":false}},{"description":"N-ACETYL-D-GLUCOSAMINE","name":["NAG"],"number":"24","included":false,"model_binding_residues":[],"reason":{"bound":false,"relevant":true,"conserved_residues":true,"sterically_valid":false}},{"description":"N-ACETYL-D-GLUCOSAMINE","name":["NAG"],"number":"25","included":false,"model_binding_residues":[],"reason":{"bound":false,"relevant":false,"conserved_residues":false,"sterically_valid":false}},{"description":"N-ACETYL-D-GLUCOSAMINE","name":["NAG"],"number":"26","included":false,"model_binding_residues":[],"reason":{"bound":true,"relevant":true,"conserved_residues":true,"sterically_valid":false}},{"description":"N-ACETYL-D-GLUCOSAMINE","name":["NAG"],"number":"27","included":false,"model_binding_residues":[],"reason":{"bound":false,"relevant":false,"conserved_residues":false,"sterically_valid":false}},{"description":"N-ACETYL-D-GLUCOSAMINE","name":["NAG"],"number":"28","included":false,"model_binding_residues":[],"reason":{"bound":true,"relevant":true,"conserved_residues":true,"sterically_valid":false}},{"description":"N-ACETYL-D-GLUCOSAMINE","name":["NAG"],"number":"29","included":false,"model_binding_residues":[],"reason":{"bound":false,"relevant":false,"conserved_residues":false,"sterically_valid":false}},{"description":"N-ACETYL-D-GLUCOSAMINE","name":["NAG"],"number":"30","included":false,"model_binding_residues":[],"reason":{"bound":true,"relevant":true,"conserved_residues":true,"sterically_valid":false}},{"description":"N-ACETYL-D-GLUCOSAMINE","name":["NAG"],"number":"31","included":false,"model_binding_residues":[],"reason":{"bound":false,"relevant":false,"conserved_residues":false,"sterically_valid":false}},{"description":"N-ACETYL-D-GLUCOSAMINE","name":["NAG"],"number":"32","included":false,"model_binding_residues":[],"reason":{"bound":false,"relevant":false,"conserved_residues":false,"sterically_valid":false}},{"description":"N-ACETYL-D-GLUCOSAMINE","name":["NAG"],"number":"33","included":false,"model_binding_residues":[],"reason":{"bound":false,"relevant":false,"conserved_residues":false,"sterically_valid":false}},{"description":"N-ACETYL-D-GLUCOSAMINE","name":["NAG"],"number":"34","included":false,"model_binding_residues":[],"reason":{"bound":true,"relevant":true,"conserved_residues":true,"sterically_valid":false}},{"description":"N-ACETYL-D-GLUCOSAMINE","name":["NAG"],"number":"35","included":false,"model_binding_residues":[],"reason":{"bound":true,"relevant":true,"conserved_residues":true,"sterically_valid":false}},{"description":"N-ACETYL-D-GLUCOSAMINE","name":["NAG"],"number":"36","included":false,"model_binding_residues":[],"reason":{"bound":false,"relevant":true,"conserved_residues":true,"sterically_valid":false}},{"description":"N-ACETYL-D-GLUCOSAMINE","name":["NAG"],"number":"37","included":false,"model_binding_residues":[],"reason":{"bound":false,"relevant":false,"conserved_residues":false,"sterically_valid":false}},{"description":"N-ACETYL-D-GLUCOSAMINE","name":["NAG"],"number":"38","included":false,"model_binding_residues":[],"reason":{"bound":true,"relevant":true,"conserved_residues":true,"sterically_valid":false}},{"description":"N-ACETYL-D-GLUCOSAMINE","name":["NAG"],"number":"39","included":false,"model_binding_residues":[],"reason":{"bound":true,"relevant":true,"conserved_residues":true,"sterically_valid":false}},{"description":"N-ACETYL-D-GLUCOSAMINE","name":["NAG"],"number":"40","included":false,"model_binding_residues":[],"reason":{"bound":false,"relevant":false,"conserved_residues":false,"sterically_valid":false}},{"description":"N-ACETYL-D-GLUCOSAMINE","name":["NAG"],"number":"41","included":false,"model_binding_residues":[],"reason":{"bound":false,"relevant":false,"conserved_residues":false,"sterically_valid":false}},{"description":"N-ACETYL-D-GLUCOSAMINE","name":["NAG"],"number":"42","included":false,"model_binding_residues":[],"reason":{"bound":false,"relevant":false,"conserved_residues":false,"sterically_valid":false}},{"description":"N-ACETYL-D-GLUCOSAMINE","name":["NAG"],"number":"43","included":false,"model_binding_residues":[],"reason":{"bound":true,"relevant":true,"conserved_residues":true,"sterically_valid":false}},{"description":"N-ACETYL-D-GLUCOSAMINE","name":["NAG"],"number":"44","included":false,"model_binding_residues":[],"reason":{"bound":false,"relevant":false,"conserved_residues":false,"sterically_valid":false}},{"description":"N-ACETYL-D-GLUCOSAMINE","name":["NAG"],"number":"45","included":false,"model_binding_residues":[],"reason":{"bound":true,"relevant":true,"conserved_residues":true,"sterically_valid":false}},{"description":"N-ACETYL-D-GLUCOSAMINE","name":["NAG"],"number":"46","included":false,"model_binding_residues":[],"reason":{"bound":false,"relevant":false,"conserved_residues":false,"sterically_valid":false}},{"description":"N-ACETYL-D-GLUCOSAMINE","name":["NAG"],"number":"47","included":false,"model_binding_residues":[],"reason":{"bound":false,"relevant":true,"conserved_residues":true,"sterically_valid":false}},{"description":"N-ACETYL-D-GLUCOSAMINE","name":["NAG"],"number":"48","included":false,"model_binding_residues":[],"reason":{"bound":false,"relevant":false,"conserved_residues":false,"sterically_valid":false}},{"description":"N-ACETYL-D-GLUCOSAMINE","name":["NAG"],"number":"49","included":false,"model_binding_residues":[],"reason":{"bound":false,"relevant":true,"conserved_residues":true,"sterically_valid":false}},{"description":"N-ACETYL-D-GLUCOSAMINE","name":["NAG"],"number":"50","included":false,"model_binding_residues":[],"reason":{"bound":false,"relevant":true,"conserved_residues":true,"sterically_valid":false}},{"description":"N-ACETYL-D-GLUCOSAMINE","name":["NAG"],"number":"51","included":false,"model_binding_residues":[],"reason":{"bound":false,"relevant":true,"conserved_residues":true,"sterically_valid":false}},{"description":"N-ACETYL-D-GLUCOSAMINE","name":["NAG"],"number":"52","included":false,"model_binding_residues":[],"reason":{"bound":false,"relevant":false,"conserved_residues":false,"sterically_valid":false}},{"description":"N-ACETYL-D-GLUCOSAMINE","name":["NAG"],"number":"53","included":false,"model_binding_residues":[],"reason":{"bound":false,"relevant":false,"conserved_residues":false,"sterically_valid":false}},{"description":"N-ACETYL-D-GLUCOSAMINE","name":["NAG"],"number":"54","included":false,"model_binding_residues":[],"reason":{"bound":false,"relevant":false,"conserved_residues":false,"sterically_valid":false}},{"description":"N-ACETYL-D-GLUCOSAMINE","name":["NAG"],"number":"55","included":false,"model_binding_residues":[],"reason":{"bound":false,"relevant":false,"conserved_residues":false,"sterically_valid":false}},{"description":"N-ACETYL-D-GLUCOSAMINE","name":["NAG"],"number":"56","included":false,"model_binding_residues":[],"reason":{"bound":true,"relevant":true,"conserved_residues":true,"sterically_valid":false}},{"description":"N-ACETYL-D-GLUCOSAMINE","name":["NAG"],"number":"57","included":false,"model_binding_residues":[],"reason":{"bound":false,"relevant":true,"conserved_residues":true,"sterically_valid":false}},{"description":"N-ACETYL-D-GLUCOSAMINE","name":["NAG"],"number":"58","included":false,"model_binding_residues":[],"reason":{"bound":true,"relevant":true,"conserved_residues":true,"sterically_valid":false}},{"description":"N-ACETYL-D-GLUCOSAMINE","name":["NAG"],"number":"59","included":false,"model_binding_residues":[],"reason":{"bound":true,"relevant":true,"conserved_residues":true,"sterically_valid":false}},{"description":"N-ACETYL-D-GLUCOSAMINE","name":["NAG"],"number":"60","included":false,"model_binding_residues":[],"reason":{"bound":false,"relevant":true,"conserved_residues":true,"sterically_valid":false}},{"description":"N-ACETYL-D-GLUCOSAMINE","name":["NAG"],"number":"61","included":false,"model_binding_residues":[],"reason":{"bound":false,"relevant":true,"conserved_residues":true,"sterically_valid":false}}],"major_issues":null,"mdlchain_butpl_map":{"A":"6vsb.1.A","B":"6vsb.1.B","C":"6vsb.1.C"},"mod_engine":"PROMOD3","modified_template":false,"oligo":{"based_on":"prediction","state":"homo-trimer","state_bu":"homo-trimer","state_tpl":"homo-trimer","qs_prediction":"0.845","qs_conserved":"conserved","chains_to_mdl":3,"res_to_mdl":3600},"plip":{},"pred_lddt":0.7210000157,"qmean_values":{"global_scores":{"qmean4_norm_score":0.6695142243,"qmean4_z_score":-2.6884207662,"qmean6_norm_score":0.6539221684,"qmean6_z_score":-2.6473040928,"interaction_norm_score":-0.0135393474,"interaction_z_score":-1.8107530731,"cbeta_norm_score":-0.0084239831,"cbeta_z_score":-1.0852166624,"packing_norm_score":-0.2923875119,"packing_z_score":-1.2821231799,"torsion_norm_score":-0.1014673305,"torsion_z_score":-1.9881898888,"ss_agreement_norm_score":0.4509652046,"ss_agreement_z_score":-1.6327236704,"acc_agreement_norm_score":0.6232142857,"acc_agreement_z_score":-0.8518338384,"avg_local_score":0.6685070201,"avg_local_score_error":0.053},"local_scores":{"A":[null,null,null,null,null,null,null,null,null,null,null,null,null,null,null,null,null,null,null,null,null,null,null,null,null,null,null,null,null,null,null,null,null,null,null,null,null,null,null,null,null,null,null,null,null,0.7062657973,0.693681816,0.6841201036,0.6826072705,0.7819058868,0.6890065349,0.7891063734,0.7480356276,0.9029695267,0.8730729925,0.8711529753,0.8382343468,0.8374397035,0.736697249,0.7171115782,0.7481227989,0.680944154,0.6700684223,0.7076243821,0.739091484,0.7262387622,0.7832555217,0.7766793484,0.831750788,0.8119958285,0.7798513366,0.8119312812,0.841630485,0.8667170587,0.8718779558,0.8560149504,0.7912180234,0.7037034152,0.7523597569,0.7380296753,0.8046486031,0.7963237259,0.7074192009,0.6708697383,0.5631080558,0.4975438631,0.364578793,0.3700387764,0.3859408376,0.2863589241,0.2856349239,0.2199817404,0.2004708508,0.2943680176,0.2839863047,0.3281584017,0.3297023161,0.4891428067,0.4567142893,0.6251779953,0.7469449585,0.7794523182,0.8273880412,0.8526154426,0.844205134,0.7242677967,0.7951977405,0.8932113528,0.9136353567,0.8967196927,0.8878656847,0.8582343073,0.7413137938,0.5522286915,0.4602420246,0.4328077943,0.4513907017,0.4424178102,0.4927420584,0.6453960327,0.6125569059,0.8465585348,0.843834301,0.8353048198,0.8436639429,0.8361274818,0.744175505,0.6747045572,0.6191386617,0.5839827345,0.5821718968,0.5405562083,0.5934968621,0.6377718366,0.7549384918,0.7999860439,0.7991680777,0.8505407757,0.8086304784,0.6741509879,0.5791200536,0.5443688417,0.5754031623,0.6917973864,0.7733333446,0.805687938,0.8230759817,0.7788817585,0.7954760771,0.7130666659,0.6262905064,0.6514423698,0.5609579214,0.4389302488,0.5778012017,0.5278879741,0.6029056075,0.6319508492,0.5444769828,0.5265709401,0.4777659274,0.3310070222,0.3502483349,0.2979665289,0.3701908166,0.3892836635,0.3584816114,0.3551164674,0.3361116355,0.3150993189,0.2760251741,0.223559413,0.2543551652,0.3458985565,0.4846318367,0.5428227112,0.5232659586,0.6089575734,0.5151405384,0.5471953152,0.6020474364,0.6462637228,0.6523306561,0.6712562594,0.7018422685,0.6819610047,0.7210005314,0.7642395088,0.7559360467,0.7909694982,0.7402356528,0.5880364095,0.5758984125,0.561324625,0.4988781464,0.2918194799,0.3634069784,0.311873631,0.3329470312,0.3271566946,0.3078432273,0.2984840732,0.4571594976,0.3439236507,0.2592931905,0.4203284305,0.4855341858,0.6368923736,0.6721008554,0.83588027,0.8808151114,0.915462753,0.8831819557,0.8517722083,0.8448963417,0.7685720362,0.582157637,0.7662120475,0.7549894481,0.8320245614,0.8401472815,0.8718664092,0.8626544558,0.8324343424,0.7869483061,0.656130153,0.6644169019,0.5818217499,0.5699160553,0.5113302669,0.488615187,0.4885338824,0.5114404512,0.5766459873,0.6057007181,0.6690708222,0.6095816958,0.6554826466,0.7077058287,0.827057327,0.875506901,0.8863088222,0.8348611272,0.8840911187,0.7431463645,0.7017820594,0.7687458941,0.7792436397,0.802202889,0.7233920651,0.6733710125,0.6390594428,0.6577218598,0.7758719192,0.7898383116,0.7491859581,0.8333516315,0.8053326025,0.8356867429,0.7881520548,0.6690713809,0.5355315968,0.4919667662,0.410587024,0.3425185826,0.3749806719,0.2696835007,0.2581750194,0.2736031104,0.3341853774,0.2645434265,0.3239074069,0.3359078397,0.2939776249,0.3091847377,0.3649021602,0.2914418632,0.3863099012,0.3648794248,0.4239259785,0.4218674602,0.5087514237,0.633679598,0.716303885,0.8138726077,0.8780493171,0.9120516979,0.8676597636,0.8765029981,0.770802989,0.8186362413,0.7237621816,0.8551015945,0.8718627828,0.8672760732,0.8639055952,0.8314587697,0.8050053683,0.7864298611,0.6983455325,0.7431113196,0.7825201456,0.8115874701,0.8409872229,0.8245681219,0.8404035557,0.8943097289,0.865404649,0.8759198462,0.8413875503,0.7200737394,0.6862332539,0.6593804711,0.7756334986,0.8018201293,0.8388409417,0.7683730643,0.849941359,0.8279963613,0.8575957378,0.7698044811,0.7558690869,0.7567721044,0.833778988,0.8110925634,0.7891863046,0.7786355758,0.7076132349,0.7365836179,0.827447599,0.8586255203,0.8222384235,0.7614576598,0.7322203814,0.7514906886,0.6348121148,0.6276155061,0.6164725951,0.6328076771,0.6099491943,0.6777184256,0.690544381,0.613069442,0.7462276278,0.7282942386,0.7419926994,0.6140453628,0.5311023501,0.3441350922,0.3628125949,0.4232784821,0.5444540661,0.6675025991,0.7324804014,0.773475493,0.7760280245,0.7725235112,0.7669859927,0.7027175125,0.8034431071,0.7749909146,0.7279037023,0.7915431865,0.6370168519,0.6044071018,0.735475141,0.807409391,0.7300497146,0.77769106,0.6161243923,0.6416411529,0.693981862,0.713847081,0.7392514844,0.7741465456,0.7571149073,0.7977200768,0.7241911753,0.6086060609,0.6307506458,0.6659213558,0.7990859042,0.7287402243,0.7204672616,0.6108374766,0.6442637637,0.6944594858,0.559960072,0.5583470599,0.5067975012,0.6155083226,0.5897442034,0.7257038142,0.7487656899,0.7644012601,0.7538818147,0.7686986116,0.8108831381,0.6484658676,0.5720498684,0.6007832321,0.6064671538,0.6853522298,0.6561780972,0.5801567998,0.660439829,0.6946047149,0.5892958138,0.6313378961,0.6665837123,0.6945717346,0.6707288279,0.7641867392,0.855085513,0.8423559612,0.8936222471,0.8608186368,0.8630288453,0.8216494466,0.8415880487,0.8152903473,0.7326688054,0.8145927621,0.7897943034,0.7718101404,0.8395287925,0.720847979,0.7620927766,0.815102068,0.8092079533,0.7530100369,0.6843529086,0.7345689799,0.7284331065,0.7373549498,0.7200531684,0.7879843644,0.8393392595,0.7497723118,0.6451338942,0.7343746512,0.7712362436,0.7489549357,0.7238417274,0.6610871903,0.5606134609,0.6403264718,0.466643189,0.5598160314,0.7975784084,0.823237354,0.8748467545,0.854921012,0.8919662633,0.7959724199,0.7777584533,0.7537342962,0.7260778105,0.620404862,0.6035636336,0.6401462629,0.66931917,0.376894478,0.2890789489,0.3579118373,0.3229336884,0.6527600088,0.6697949476,0.6349897806,0.688652001,0.6432616641,0.6839166851,0.5567570098,0.5603163959,0.3971461675,0.2820627059,0.3484427299,0.3064563169,0.2397339618,0.2673461084,0.26825299,0.2822060847,0.2391237328,0.2107099337,0.2573611524,0.2781087659,0.2496388671,0.3040933152,0.2513383948,0.274297722,0.2877482336,0.2909020682,0.27347951,0.2563840041,0.3108227615,0.3479486936,0.4081027816,0.3344711492,0.1999565445,0.2503770612,0.2952346929,0.3157940764,0.2917568682,0.3228245825,0.2741426147,0.2461658739,0.2247095537,0.2478190549,0.2675185345,0.3695271392,0.4609737518,0.5792460326,0.6659116869,0.7134843429,0.7219176982,0.7008127099,0.6337840996,0.7413067786,0.6292828406,0.406471877,0.4868017645,0.466691094,0.8146668388,0.6988101212,0.722172499,0.8088324395,0.8001834539,0.8024900769,0.8913191395,0.8877589156,0.884080427,0.8421389697,0.8397459748,0.7698128741,0.6518031389,0.6254613957,0.4365495988,0.5076258326,0.5530084061,0.6294260561,0.6029238624,0.6216391839,0.750068762,0.7239658463,0.718451916,0.6510435944,0.5564087163,0.4967370052,0.5690260034,0.5834574124,0.5919188159,0.6727872944,0.7113534125,0.7451945338,0.7184753385,0.7051513332,0.785922895,0.7969442291,0.7801574496,0.7383521443,0.7029685738,0.6914800478,0.5750929475,0.5084859497,0.6233576375,0.6901612788,0.77915941,0.7857680047,0.8248421677,0.7906888108,0.7831586156,0.7872292996,0.7081531984,0.7140126519,0.6118404172,0.6385154481,0.6298774782,0.6817247144,0.6816738033,0.6400499013,0.493143916,0.6417553505,0.6505137858,0.7030045087,0.7842268144,0.7006898495,0.5781330854,0.4814673478,0.4673244066,0.5786610763,0.6814642784,0.7219663151,0.7260768872,0.7886517108,0.7772765628,0.6489991706,0.6715735166,0.5099495451,0.5553801325,0.5495033461,0.5324583468,0.6177776811,0.6580228115,0.7463858115,0.692152577,0.7545914278,0.7260369435,0.7944708744,0.7127260848,0.7036186448,0.6728920563,0.8125609059,0.8231030887,0.8334406506,0.8724400192,0.8631987823,0.8279365302,0.812549389,0.7775081102,0.7798701594,0.717510541,0.6809887811,0.6119812564,0.7239623898,0.7320988659,0.603975344,0.7971956459,0.8216938828,0.8297576101,0.8562950247,0.8178302627,0.7639454302,0.6455260822,0.7071010762,0.6983253854,0.6523364438,0.5654864866,0.4259950734,0.4369045681,0.3775475953,0.3211641637,0.353609063,0.2650365637,0.2919089544,0.3558124738,0.2538894232,0.3065407397,0.3538456434,0.2942333073,0.2300219003,0.3207120901,0.2604368929,0.2913510101,0.3759190099,0.3292132944,0.5094791153,0.505744923,0.4763036108,0.472048832,0.6371558238,0.6975757978,0.6911442902,0.7144339755,0.7763382261,0.6192194378,0.8293207655,0.8430426873,0.8074351345,0.860385649,0.8163120623,0.8153949305,0.7907730151,0.6837468139,0.7107022354,0.6991731157,0.663243563,0.663633828,0.6598263809,0.5995482062,0.5751910489,0.6361296659,0.6112184845,0.7931015902,0.821699009,0.8646300756,0.8208039561,0.7795206572,0.8370180182,0.7949065708,0.7875531953,0.8119293181,0.6197514084,0.2562056001,0.3587034806,0.27540458,0.2683192272,0.3203283569,0.3287733417,0.3366584336,0.2793674713,0.2655155174,0.2763399457,0.292678136,0.3222446575,0.3812090984,0.7048004709,0.5785328957,0.5267718245,0.5490856146,0.7023779653,0.6683050348,0.6657513927,0.8184974,0.7256627458,0.7440660421,0.6528872738,0.633804103,0.5463893971,0.4917706361,0.3876913114,0.3268088589,0.3168912916,0.4300883279,0.544350519,0.4461417731,0.4068170597,0.6556856318,0.7437693474,0.6715820938,0.6802523699,0.7460499682,0.7902193759,0.7567461294,0.8202142105,0.7836636673,0.7895746855,0.8215365476,0.878463751,0.8606810794,0.8645522072,0.9117112063,0.8760264717,0.856870595,0.8712313386,0.8883173846,0.9002373231,0.9280467144,0.9127940345,0.8998797013,0.8179330902,0.8175537222,0.7786233329,0.8126321358,0.8226101457,0.8384673934,0.8270623672,0.807022478,0.7473982727,0.7197277868,0.828041637,0.8445145231,0.7995146375,0.7386192983,0.6748394863,0.753495734,0.7260624786,0.7104845813,0.7676223352,0.7816315487,0.7412164054,0.7511216736,0.7592519929,0.7258142481,0.7145491426,0.7240271205,0.7136622852,0.7603786426,0.7888342961,0.7502817181,0.7788373544,0.7711957332,0.8072254412,0.7879623276,0.7689470901,0.8428857459,0.8496885061,0.8126389475,0.84643644,0.8517966834,0.8601222938,0.7967283231,0.800637234,0.7925883918,0.7945350376,0.7832683087,0.8464810843,0.838665486,0.7787172465,0.81305349,0.8581813086,0.811449291,0.824556844,0.7475233297,0.7724134367,0.6838649657,0.6289391193,0.7204611197,0.6938225955,0.6677080878,0.6048206292,0.5798298003,0.5316940452,0.4132400221,0.5114014308,0.5528179826,0.6479708485,0.7070465773,0.7769586077,0.7446904861,0.7627373626,0.7552587195,0.7736490087,0.7527213928,0.8126490206,0.7898210846,0.7782894932,0.6056858807,0.5252097801,0.5467839822,0.4444555446,0.4433780387,0.4630188358,0.7067333279,0.6925202999,0.7979014741,0.7771075616,0.8481456723,0.8201212489,0.7713141257,0.7969698823,0.8390214512,0.7507350286,0.6962372619,0.7304241411,0.690101667,0.5125273374,0.5606844091,0.3247251387,0.310403515,0.351547152,0.3268029835,0.2562273441,0.285291036,0.2898023383,0.3002011547,0.232856837,0.3348339208,0.3484969646,0.2673684309,0.2683357083,0.3324115037,0.2602012664,0.2087337827,0.2446032937,0.2971103845,0.274368074,0.3128587578,0.2629497897,0.3045122836,0.2677795465,0.3246728312,0.4895061018,0.4101321233,0.2766245586,0.5845897852,0.7983693727,0.7316262433,0.7118291141,0.7138704733,0.6991225815,0.7614599419,0.8453168454,0.7270691674,0.7829288955,0.7505825361,0.7354820458,0.6767746191,0.7106834791,0.8463129562,0.8592986312,0.7683804726,0.8308794117,0.8652821239,0.8330513741,0.8539404692,0.8437979081,0.8319262524,0.8317843786,0.840574546,0.8183326462,0.7791483188,0.7487778859,0.7289463553,0.7222750995,0.5915802013,0.6722626446,0.6920420602,0.7898688954,0.7403771206,0.7325457038,0.5997593011,0.7083143027,0.6844559512,0.6613302997,0.7204062377,0.7198968829,0.7485709979,0.8080312321,0.6682216226,0.7895566349,0.8026176784,0.7879104406,0.7263558715,0.7610513126,0.7993827298,0.7542899312,0.7517020188,0.74741977,0.7908181804,0.7411111527,0.7000940443,0.6915744304,0.6283224724,0.7570243209,0.7573381733,0.5566748841,0.6060664116,0.7689059696,0.7264365836,0.7015978606,0.7815333933,0.8029686,0.8276881128,0.7910832272,0.7992706263,0.825322203,0.8260203086,0.8371246028,0.8476137232,0.8228271419,0.8459186427,0.7691390754,0.7687839376,0.7321212969,0.7599386649,0.7473558537,0.7458164062,0.7415419945,0.6057853666,0.487607428,0.4230875056,0.5389468859,0.5496539631,0.7300662536,0.7823948003,0.7351264515,0.770708271,0.7326031901,0.7850605947,0.8070249551,0.7593429113,0.7505159105,0.772201596,0.7771266202,0.7290167609,0.6973850227,0.8110065388,0.7489829813,0.6570929088,0.7498973928,0.7729169585,0.6888847689,0.6808555136,0.747444495,0.6933388208,0.6025547883,0.7089579079,0.6436377368,0.6053597706,0.5356385838,0.6388447401,0.5182747701,0.5678549643,0.6044049152,0.5945876937,0.6927432625,0.6361585224,0.6314791928,0.6155909698,0.5560101465,0.5750573953,0.5617163105,0.6210881071,0.5786232073,0.5545927891,0.4968562583,0.5543733412,0.7599680439,0.7360508866,0.7491450413,0.7716013729,0.8317606626,0.7919684543,0.7113895233,0.8234282302,0.8256986495,0.782682512,0.8521997951,0.7893825613,0.8396387358,0.7725461586,0.8508671085,0.8506566041,0.792877456,0.8090705839,0.8385423737,0.8530810711,0.7431427366,0.7354241229,0.7949410863,0.8072236803,0.7026595551,0.7585449918,0.8669961418,0.7604550412,0.7109987408,0.8422533715,0.7612472803,0.7357840496,0.8403412572,0.8825508538,0.7604873501,0.7785506585,0.8845353559,0.8589215862,0.8170386178,0.8150613352,0.8213244445,0.8480191419,0.7286705796,0.8086759324,0.8452476534,0.7921506833,0.8162549513,0.7481060826,0.7897967576,0.6668128924,0.6721507179,0.6140013757,0.7096036374,0.7419491175,0.8448074195,0.8325643916,0.7588744577,0.8472706505,0.8147134453,0.8119953321,0.874409809,0.8463436525,0.8922745243,0.8613609192,0.9066693627,0.8551353378,0.8748035699,0.8983458589,0.7496860745,0.8291602384,0.9123117051,0.9101928081,0.9175022639,0.8891055723,0.8614153466,0.8514539639,0.8899453812,0.872270322,0.8378464044,0.8702083007,0.8619364809,0.8056205409,0.6751219426,0.701561696,0.7218037728,0.7299736147,0.7611109237,0.7794832923,0.783628528,0.7954363012,0.8012524821,0.7948465805,0.7885130586,0.7567381571,0.7279121409,0.7569059075,0.8123418567,0.7767474613,0.8275343441,0.7699790154,0.7730356342,0.8169832721,0.6967428067,0.6969186779,0.7598373543,0.7904444302,0.772813003,0.7814322637,0.7822729024,0.7084048004,0.6041336583,0.4845639168,0.7115766651,0.7446463944,0.7602248785,0.8100542941,0.779816063,0.743901856,0.7184253022,0.7955461882,0.7882018273,0.7854560864,0.7231890706,0.758863,0.6937113025,0.7354832747,0.7756127892,0.7703741465,0.756876959,0.7109779212,0.7295702985,0.7904640273,0.7143914922,0.7564020551,0.7208797979,0.7505992893,0.7200188254,0.7357331024,0.5803036382,0.6158075803,0.6315736597,0.5416952221,0.6410424797,0.6466030188,0.6998984215,0.7156710009,0.7294254905,0.7464462315,0.7745722037,0.7554744525,0.7186198121,0.6492283093,0.5737324353,0.6066994207,0.6182600299,0.558717826,0.3459444283,0.445644418,null,null,null,null,null,null,null,null,null,null,null,null,null,null,null,null,null,null,null,null,null,null,null,null,null,null,null,null,null,null,null,null,null,null,null,null,null,null,null,null,null,null,null,null,null,null,null,null,null,null,null,null,null,null,null,null,null,null,null,null,null,null,null,null,null,null,null,null,null,null,null,null,null,null,null,null,null,null,null,null,null,null,null,null,null,null,null,null,null,null,null,null,null,null,null,null,null,null,null,null,null,null,null,null,null,null,null,null,null,null,null,null,null,null,null,null],"B":[null,null,null,null,null,null,null,null,null,null,null,null,null,null,null,null,null,null,null,null,null,null,null,null,null,null,null,null,null,null,null,null,null,null,null,null,null,null,null,null,null,null,null,null,null,0.6560487877,0.6809884005,0.7134275898,0.7197056872,0.7459338922,0.6684036114,0.7435246627,0.7002737356,0.8740598099,0.8559360298,0.8452861092,0.8239172546,0.8341203149,0.7444829818,0.7105990233,0.7365555998,0.7085799412,0.6688191778,0.6880140671,0.6994106241,0.6968358658,0.782638937,0.7863116977,0.8153137738,0.8092312766,0.7678084977,0.8086183413,0.8247092707,0.8563842649,0.8662223813,0.8638743363,0.7786562994,0.7354086431,0.7839515018,0.7759792924,0.7938004124,0.7938965837,0.6952780198,0.6991930642,0.5522315517,0.5127923508,0.4154455751,0.3533442648,0.356843556,0.3593306402,0.3735338383,0.3473002903,0.326536298,0.3106678901,0.3224828136,0.3364446623,0.339501075,0.4128796871,0.4538889828,0.6664239105,0.7048251277,0.7087044441,0.7452691866,0.7794654946,0.7785906286,0.7672961017,0.7501956931,0.8821811563,0.8923775543,0.877559174,0.8765167742,0.8502074081,0.7467416988,0.5632228096,0.4912620866,0.4702145134,0.4878662531,0.4457994177,0.4951010982,0.6899550832,0.5402023876,0.8391388611,0.8263588927,0.8124774845,0.8229235582,0.8378301862,0.7681603,0.6968770982,0.6095708027,0.5814405127,0.6026268133,0.6014952271,0.6576703343,0.6325254342,0.7853339483,0.8050744901,0.8066575851,0.8312122173,0.8114664247,0.6774939117,0.5694900521,0.5671631319,0.5114794049,0.6661232401,0.7761422549,0.8374383049,0.8293424063,0.7942247544,0.7848006213,0.6962450972,0.6286741304,0.6666042547,0.5936455794,0.5190120678,0.5974332241,0.4617629928,0.5284424204,0.5492965202,0.4300461487,0.4909860561,0.417388175,0.3950659331,0.3127492093,0.3113185789,0.2656867184,0.2643581536,0.2554310951,0.3357678643,0.3044420142,0.3022744439,0.2703637611,0.2891806954,0.2860704395,0.4242921659,0.4822463967,0.5673200704,0.5313841785,0.6346576758,0.5625415009,0.594524975,0.5861920029,0.6621663025,0.6138797617,0.6397956989,0.64917513,0.6441956149,0.6720139876,0.7300500209,0.7486955169,0.7840485215,0.7373405293,0.6017702322,0.5778982237,0.5515061235,0.4846825791,0.2878637574,0.3275461587,0.296550537,0.3522716089,0.4319083546,0.2780785359,0.2432478834,0.3154386828,0.2931017871,0.2930565712,0.3426183968,0.4663561258,0.5875611895,0.6320605532,0.796002338,0.8630531301,0.9082414694,0.8779268102,0.8365965461,0.804049486,0.7643793535,0.6369264099,0.7526647816,0.6886889114,0.7371444933,0.8279786589,0.8650964534,0.8498360448,0.8177838054,0.6902319293,0.5696919661,0.5416326559,0.3983801451,0.4254491853,0.3662036039,0.3156571526,0.3595581074,0.3277060576,0.2860397873,0.3252230792,0.5153541187,0.5089671254,0.5919406658,0.6771432965,0.6718553027,0.8383560791,0.8423779753,0.7826118952,0.8626141256,0.7335824949,0.7301515537,0.7688803168,0.7498646645,0.6681050615,0.6844913962,0.7011095233,0.6783775307,0.7196510777,0.7911089366,0.7661231738,0.6620259575,0.6965459486,0.7575959425,0.8021008601,0.7238365305,0.5252280198,0.5753258444,0.4176092756,0.3899054019,0.3583355804,0.3296456746,0.2629634846,0.2740590211,0.3070834465,0.3513470575,0.3328347273,0.3334681382,0.2710093551,0.2560885629,0.2205940374,0.2988996766,0.2523930672,0.3177605804,0.3886108905,0.4902735106,0.4434692484,0.5084502076,0.6470148874,0.7429416323,0.7882645633,0.8713878726,0.9133905747,0.8551593836,0.858057841,0.7715946841,0.8157722086,0.7138985065,0.836832673,0.8599422594,0.8450105406,0.8460357072,0.8141884016,0.7733929434,0.7579480657,0.6587586794,0.757311919,0.7992778196,0.7865070505,0.8358403479,0.809183396,0.8386124087,0.8880430887,0.8607110933,0.8596507345,0.8568480819,0.8272958895,0.7223625974,0.6792562567,0.7701902232,0.8050692794,0.8306437437,0.7644304401,0.824828561,0.7907741271,0.8354367965,0.7351077639,0.7051835113,0.7165358568,0.7872655688,0.7598497133,0.7358482853,0.7718522514,0.7097230423,0.743668453,0.8393796989,0.8301647641,0.8047597941,0.7424510468,0.7370240075,0.7072134439,0.7436325686,0.6606301316,0.6345331259,0.6824253308,0.6592160424,0.786456509,0.7038765284,0.5730428127,0.7374172767,0.741692172,0.7830397647,0.6827614013,0.6971583146,0.7289025549,0.6611878998,0.5923199263,0.5950727023,0.6956810519,0.6103021813,0.7596362495,0.8273978917,0.8076000204,0.8084839631,0.7420684111,0.8161989929,0.7765484101,0.7238063656,0.7418194674,0.5898496802,0.5539511614,0.6425579491,0.7597909807,0.7789004874,0.7975399207,0.704668667,0.7670412356,0.7298217405,0.7521672967,0.7378753487,0.7645872335,0.7511847505,0.8281833528,0.8209080583,0.7849526923,0.7945875538,0.7847379274,0.821115513,0.7563783564,0.7446955832,0.6967283671,0.6013658815,0.7126941255,0.5881425321,0.562078118,0.6475311251,0.6814992087,0.698481,0.7685681242,0.773251899,0.8039276837,0.8109036263,0.8090393362,0.8535406152,0.7318091219,0.6416254648,0.7049158645,0.7127124976,0.7207004799,0.7094796874,0.6546860686,0.7010897121,0.724765731,0.7187801984,0.7305372409,0.7872793262,0.7463348493,0.7102857033,0.78705056,0.8689318168,0.8485073625,0.8792880432,0.8300774501,0.8561537312,0.8230151176,0.8139198574,0.8107719074,0.6933113448,0.7843832404,0.6809773067,0.7204708264,0.8261844124,0.7160499468,0.7443328362,0.8234574058,0.8405033512,0.8038719492,0.6915375757,0.676937301,0.5642975626,0.5843313582,0.6766117988,0.7482828905,0.7583939457,0.690487761,0.6969606612,0.7422899195,0.7420512801,0.7288833199,0.7731636811,0.7554363793,0.6416705538,0.6599071111,0.4228697726,0.5597473809,0.814640039,0.8547264073,0.8834950645,0.862247444,0.89152553,0.8144477854,0.7822492255,0.7536772155,0.7308285261,0.6335937408,0.5509270566,0.6581486383,0.7190084376,0.3905526516,0.2532725294,0.3240642911,0.354629399,0.4772409931,0.5869359501,0.6636761066,0.6836079586,0.702011326,0.7146159666,0.6269228523,0.6585374335,0.4927152248,0.2537957266,0.300487105,0.5616944439,0.6380988522,0.6093716242,0.6768558655,0.7356605036,0.6476714931,0.6249864204,0.5659067061,0.5647662426,0.5993499933,0.6032120649,0.6574005525,0.5739621067,0.487180406,0.4080547308,0.41918699,0.3458013509,0.3401535336,0.3444633501,0.3483340301,0.2868541865,0.2618970657,0.2406023819,0.3676533305,0.3287517912,0.34071429,0.4396618411,0.2690691303,0.3661101567,0.4681652768,0.4769507902,0.5689018982,0.658095009,0.6993861667,0.6826989838,0.7349230421,0.6717402903,0.6571489704,0.5625937698,0.579893447,0.7256424384,0.4338107144,0.4043416189,0.6448477786,0.6687388447,0.7072395441,0.6623261734,0.6881529624,0.7862074652,0.7707473154,0.7744938784,0.8765496612,0.8802873489,0.8874330131,0.8609533322,0.8452233549,0.7923453962,0.6877620442,0.6293021011,0.4507332527,0.3785407142,0.5008757229,0.6665518937,0.7841698797,0.7864342559,0.830505417,0.8033040609,0.7982246589,0.7295062494,0.6354492114,0.5965205506,0.6550306212,0.6346357195,0.6382503867,0.6844427664,0.7729790023,0.7648488396,0.7418987155,0.740481024,0.8029687573,0.8219285001,0.7947813878,0.7694335559,0.7484280245,0.7218790532,0.6973665324,0.7332924525,0.76192083,0.8074209115,0.8157866195,0.7941203153,0.8111177779,0.8187897135,0.8036680261,0.7906328757,0.7050717884,0.7309819559,0.6079402757,0.6389593442,0.610092676,0.6881884634,0.6811267741,0.673604563,0.5847117559,0.6791011218,0.6725310129,0.7148416693,0.7718514184,0.7237179224,0.6682186472,0.4771308926,0.5064555198,0.5171828628,0.679709523,0.7372484393,0.7561807318,0.8450552492,0.7984661866,0.6788434376,0.7283339215,0.7370973652,0.6239416414,0.6087396741,0.5987086643,0.6473381082,0.6924146404,0.7583136917,0.7281287095,0.7742764298,0.7144998636,0.7684242877,0.7154212429,0.7334876249,0.704866736,0.8042019238,0.7963345328,0.8291184527,0.8625332084,0.8489554031,0.807719753,0.7674959439,0.7503218473,0.7325616082,0.6820667869,0.6442519943,0.5962723815,0.6680699255,0.6627814418,0.5851088737,0.7452959442,0.7934259312,0.805770164,0.8278747704,0.7720256494,0.7658457296,0.7176622776,0.696747796,0.6785676662,0.5364504188,0.4879737587,0.4932404858,0.4895697947,0.3260445601,0.3358050953,0.2938361783,0.2819936501,0.3064799587,0.346171657,0.2803449603,0.302470488,0.2880748372,0.3061464505,0.3697496537,0.2080125697,0.2174798805,0.1911423646,0.2508306252,0.2368957206,0.3349479147,0.4468072255,0.4262159418,0.3814809419,0.5435025542,0.6773902556,0.659116533,0.7130941456,0.7736632048,0.6915505447,0.8377371583,0.8428454455,0.7606082079,0.7989981928,0.7286919889,0.6899901629,0.7187305198,0.6099654864,0.6969862606,0.7063574845,0.6777070365,0.6262937627,0.662446185,0.595842264,0.5973435225,0.69350777,0.6579512422,0.848746895,0.8359654479,0.8371497165,0.8218776095,0.8108225243,0.8342166262,0.8041069981,0.8010132705,0.8106955367,0.4328463282,0.2940088794,0.3756969465,0.3316322176,0.356572267,0.2883519324,0.2830518017,0.2834279281,0.2853884379,0.3007664389,0.3299461135,0.2867009151,0.3318221481,0.4188070702,0.6972573878,0.5996565523,0.4698328553,0.4959399964,0.6099224089,0.6370540249,0.6263306212,0.7845026619,0.7231082028,0.7437891665,0.6847986898,0.6182384703,0.5418811197,0.5297666709,0.4344005968,0.4118281219,0.3709888493,0.4819395651,0.5530768608,0.5067481365,0.4424066911,0.7003867212,0.7293098257,0.6993448932,0.7219067746,0.7517156395,0.7899369033,0.7547990681,0.7922784276,0.7738060335,0.7815717758,0.8109991882,0.876927536,0.8652339608,0.8786273182,0.9002349874,0.8688701805,0.8524390912,0.8655347081,0.8743908992,0.8910228264,0.9206283044,0.9080362381,0.9106487199,0.8220641206,0.7869855338,0.7516980741,0.805846861,0.8341312519,0.8495642136,0.803607586,0.8027544265,0.752439052,0.727522023,0.8235722477,0.8411420801,0.8050617968,0.7491864393,0.660051311,0.7506366551,0.7406607701,0.729259249,0.7970588841,0.7943189334,0.7459309351,0.7524595626,0.7551474608,0.7042763859,0.6878414291,0.6938033913,0.6921242527,0.7366169555,0.7866673104,0.7643835695,0.7739705925,0.7706380349,0.802548659,0.782604073,0.7657269433,0.8397801575,0.8448813574,0.8127411489,0.8387051115,0.851820019,0.8679266727,0.8155284797,0.8237518884,0.8073447405,0.8080848068,0.7945478795,0.8653193528,0.8540442519,0.78646307,0.8172666493,0.8641298506,0.8156603707,0.8242537865,0.715516703,0.7474730691,0.6035708936,0.6099356049,0.6818596085,0.6592251718,0.6353834417,0.5873662859,0.5707392541,0.5073364488,0.3988517134,0.49239542,0.5510305237,0.6414145173,0.7336086994,0.7858204778,0.75867827,0.7487767319,0.778307784,0.7750397293,0.7494450205,0.806822036,0.7701671873,0.7592110101,0.5894553113,0.4895371009,0.5158699087,0.3947482631,0.4084706125,0.4673315758,0.6185861912,0.6388893177,0.7667468674,0.7587772458,0.8429240628,0.8056978553,0.7300826298,0.775054291,0.8138014527,0.6676062222,0.5945199395,0.6672016896,0.6448759981,0.4416488755,0.5070967862,0.3607030381,0.3104709049,0.3106976088,0.3128965339,0.2313115516,0.2602311695,0.2892984895,0.2576023175,0.1669504486,0.286121399,0.2738303815,0.2861292278,0.2890023607,0.2922345749,0.2975349021,0.2410179256,0.2409334119,0.2776414965,0.2389097432,0.2820788882,0.2602193503,0.3283623095,0.3163208506,0.3830371771,0.5104484336,0.4620872546,0.3627791786,0.5555619529,0.7818836809,0.7855505406,0.7518144308,0.7498557996,0.7121351193,0.7466311938,0.8342689156,0.7388603703,0.8020524152,0.7892834692,0.7866232067,0.7088514742,0.7331455854,0.846250105,0.865399137,0.7783457449,0.8300087857,0.8610125969,0.8198162763,0.8267476596,0.8217853411,0.8273079018,0.8055002294,0.8030449839,0.8004492166,0.7776341043,0.7388270937,0.7441059359,0.7187529868,0.6144492317,0.6725471384,0.7050164522,0.7506324045,0.7416383201,0.7393801957,0.6295977012,0.7154492011,0.6921777235,0.6593161011,0.7183810641,0.7106525805,0.7571316379,0.8335862334,0.6877960846,0.7837911703,0.8073352422,0.8297520353,0.7524970052,0.7517883265,0.800699544,0.7543195422,0.7434368116,0.7217110593,0.776010628,0.7524386631,0.7205329728,0.6984466521,0.6434281476,0.7829798059,0.7783063748,0.590935719,0.6116612535,0.7890175137,0.7664202378,0.7329317217,0.7854301296,0.8183164418,0.8304704835,0.7898733278,0.796725327,0.824826484,0.8147923286,0.8293205858,0.8405852831,0.81511152,0.8381375185,0.7585350863,0.7758354716,0.7418826311,0.7694037186,0.7807964259,0.7763101891,0.7612328486,0.6396775789,0.4805376672,0.4894511065,0.5679520621,0.5625036233,0.76427881,0.8217899068,0.7555260425,0.8108178434,0.7278030393,0.775720398,0.8283478064,0.7487163967,0.7078563749,0.7586273658,0.7762023701,0.7448519835,0.7208852001,0.813117041,0.7490408383,0.6881210915,0.7731281701,0.7985003651,0.7005442572,0.696198832,0.7567167626,0.7025994166,0.5780649241,0.6942901206,0.6353664043,0.6069887783,0.5335328061,0.6493465592,0.5357501677,0.6516702599,0.617051692,0.5923578927,0.6861364102,0.6671156518,0.6924678633,0.6530200531,0.5391304565,0.6058798434,0.5136552284,0.6598128135,0.5524666652,0.5293475348,0.5374423012,0.5699306654,0.7501442544,0.726437535,0.7519583357,0.7761733586,0.8349073686,0.8085181278,0.7195432631,0.8163429062,0.8339874787,0.7776412518,0.8337102242,0.7869402759,0.8389480071,0.7702811649,0.8640514219,0.8486156256,0.804071119,0.8158572198,0.845194415,0.8591747773,0.7514295858,0.7558368779,0.8132301925,0.8069171752,0.711361999,0.768468241,0.8817245285,0.7908493502,0.727956002,0.8470120704,0.7757774254,0.730566016,0.8342598394,0.8718059116,0.7732425775,0.7635352561,0.8751401937,0.8584627739,0.8033074869,0.8169863155,0.8297618086,0.8596104569,0.7710616383,0.8178696605,0.8400739072,0.7837409768,0.8157975175,0.7485982125,0.8020931369,0.688325078,0.7100559713,0.6189534066,0.697198586,0.7531616985,0.8762977394,0.8416091261,0.7552484211,0.8372203781,0.8067622055,0.820003511,0.8757538384,0.841859663,0.8977404452,0.8611754291,0.8977182097,0.8592869842,0.8905782809,0.9012169607,0.7894671616,0.8170779279,0.9127275303,0.9064793086,0.9121831692,0.8853569382,0.8562575477,0.8568692681,0.8892724574,0.8728543083,0.8425591911,0.8644190299,0.8644126008,0.7557605661,0.6533320212,0.6547012585,0.7094394589,0.6947112178,0.7824394661,0.8008195897,0.8005825387,0.8084406394,0.815798076,0.8023803898,0.7889159118,0.763842048,0.7193309242,0.7574015741,0.8070344843,0.767646658,0.8286127868,0.7697378774,0.7671474718,0.7965072844,0.6632473747,0.6908243018,0.7711827252,0.7900120491,0.7700387717,0.7856082187,0.7898108709,0.7012892909,0.6144747625,0.5299996049,0.7099748462,0.7399149926,0.7586780925,0.8052744897,0.7765685287,0.7470069957,0.7179761546,0.7881064502,0.7795307486,0.7671273761,0.7335889948,0.7646840617,0.6856008355,0.7112638476,0.7613139982,0.7562866331,0.7546122167,0.7086316307,0.7215065311,0.7792166127,0.6930714944,0.7497261184,0.7293392112,0.7475346598,0.7078120102,0.7149560154,0.5472022528,0.5439472345,0.6117664539,0.5361319203,0.6660308653,0.6734260148,0.7240958542,0.7326316712,0.7183857739,0.7072057972,0.7627144174,0.7293937558,0.7067666251,0.6432356428,0.578638298,0.6229387575,0.654472829,0.5843897747,0.4327960389,0.5478522654,null,null,null,null,null,null,null,null,null,null,null,null,null,null,null,null,null,null,null,null,null,null,null,null,null,null,null,null,null,null,null,null,null,null,null,null,null,null,null,null,null,null,null,null,null,null,null,null,null,null,null,null,null,null,null,null,null,null,null,null,null,null,null,null,null,null,null,null,null,null,null,null,null,null,null,null,null,null,null,null,null,null,null,null,null,null,null,null,null,null,null,null,null,null,null,null,null,null,null,null,null,null,null,null,null,null,null,null,null,null,null,null,null,null,null,null],"C":[null,null,null,null,null,null,null,null,null,null,null,null,null,null,null,null,null,null,null,null,null,null,null,null,null,null,null,null,null,null,null,null,null,null,null,null,null,null,null,null,null,null,null,null,null,0.6577487671,0.6610864064,0.6942407099,0.7290532916,0.7831738038,0.7114754637,0.7674076939,0.7349840997,0.8651793599,0.8541801259,0.8543654864,0.8266667292,0.8454587439,0.7318956537,0.7035577823,0.7319510313,0.6594119091,0.6658128122,0.6741187578,0.5695742685,0.6467312271,0.7468513065,0.7702639555,0.8158570159,0.7952847369,0.7356327293,0.7989372794,0.8253802394,0.854085584,0.8731070887,0.7867563843,0.704362577,0.6486776412,0.6954217806,0.6976745588,0.7626894287,0.7561717072,0.662028051,0.5691321943,0.523759122,0.4103678484,0.3964470329,0.3517470504,0.4431718151,0.3427123986,0.2620753755,0.2743088218,0.289401058,0.3031705255,0.2907927206,0.3113476835,0.3050038663,0.318977125,0.4162921758,0.4940672542,0.613192352,0.6743844052,0.7616116081,0.8529580349,0.8486207611,0.7591752857,0.729729955,0.8887743178,0.899217344,0.8815701626,0.8610497639,0.8250575879,0.703219016,0.586843147,0.4721312355,0.4319282193,0.412153681,0.400981544,0.4257948892,0.5051332107,0.5679330964,0.784195012,0.7796259864,0.8012940365,0.8154445272,0.8293249735,0.7409532547,0.6723319436,0.6158403477,0.5681449217,0.6052326633,0.5516483344,0.5389866405,0.604095827,0.7155726458,0.7641173326,0.7742361491,0.8068236806,0.7303492993,0.6456813937,0.6189589684,0.6078536378,0.5861467232,0.7071303295,0.7598283647,0.798991029,0.812721793,0.7470795841,0.770574129,0.6686737995,0.5876934685,0.6206372707,0.5831031151,0.4712374885,0.5029843433,0.4854327476,0.4927031366,0.5502711673,0.3441277718,0.2989407202,0.369013103,0.3104416687,0.2460192781,0.2613746506,0.2864779452,0.3049935876,0.3147136534,0.3136320393,0.3019963709,0.2543267253,0.2112333972,0.2263949342,0.233622998,0.3118185176,0.355372286,0.5177522091,0.4939390662,0.5534227023,0.4942760364,0.5481464584,0.5666599607,0.5768115899,0.5987982981,0.6149893487,0.6264751911,0.6416957211,0.70536452,0.7308585595,0.7540703419,0.7689947049,0.7127153182,0.5896885247,0.551463284,0.5333278125,0.4857455983,0.2778073405,0.3554474144,0.367525419,0.2780969178,0.3504670055,0.2984806036,0.3090458228,0.3367216268,0.3585158748,0.3678250728,0.5223446853,0.4735107109,0.6072004046,0.6417709668,0.7946268324,0.8581742186,0.9010356474,0.8801126787,0.8373319192,0.7987417594,0.7281475816,0.5336969494,0.70970349,0.6667115147,0.7598865105,0.7931309552,0.866524971,0.8621641153,0.8353785044,0.7391036826,0.6165818143,0.6410096788,0.5641789319,0.5702156315,0.483846465,0.5114249857,0.4499018998,0.4422881224,0.536079516,0.6103746296,0.6161272706,0.593206348,0.6223944101,0.6480513191,0.6594786597,0.8452563352,0.8551392388,0.7909261586,0.8423612811,0.7593284376,0.7072522432,0.727699876,0.7293301897,0.7022300525,0.7120125643,0.693022957,0.6613197457,0.6812885924,0.7542416033,0.7898985163,0.7432533843,0.8093161653,0.7484660152,0.7555080807,0.6658296432,0.5177281326,0.4891465222,0.4372084695,0.377318978,0.3507521785,0.3413149261,0.2200937804,0.2153686926,0.2753461312,0.3672462588,0.3818434569,0.3851579458,0.3212492056,0.3139430156,0.4434153284,0.4571329923,0.2871039244,0.4010053047,0.4159012255,0.4204519441,0.4376735303,0.5207985351,0.579675198,0.6496361983,0.7520700326,0.8627504568,0.9123048388,0.8652832697,0.871106481,0.7518309346,0.7944648084,0.7072438151,0.8216814697,0.8557936637,0.8622524091,0.8619510464,0.7632139845,0.7055688436,0.6978817028,0.6173172713,0.719654482,0.7785262009,0.8176461946,0.8342512679,0.8085311254,0.8282643358,0.8861767193,0.8121460651,0.8182840498,0.8250146075,0.705630023,0.6155987332,0.6359942084,0.782722149,0.8155250253,0.8254540961,0.7637271576,0.8328081121,0.8127490536,0.8291621345,0.757318504,0.7350094808,0.7130967888,0.7318530846,0.7482128393,0.7501044333,0.7505132444,0.7261137116,0.7277885324,0.8345033064,0.8257629061,0.790337063,0.7452663827,0.7164153458,0.726761282,0.6971428763,0.6559526105,0.6249129612,0.6477281235,0.6422351898,0.7722397267,0.7542877577,0.5863305499,0.7534537336,0.7333240828,0.7983680037,0.7079625901,0.6783449808,0.6988439571,0.6127960915,0.5704583595,0.5344019375,0.6420829502,0.7019929151,0.7042265927,0.7630876641,0.754259897,0.790531308,0.7088223158,0.7895040897,0.7058327211,0.6391043358,0.6048536616,0.4829122338,0.6070759401,0.7463577253,0.8273228174,0.7871074393,0.7853582561,0.6896162933,0.7848477164,0.7334777869,0.7630396127,0.7298437434,0.7591958391,0.7758715649,0.8227597315,0.8179116269,0.6913625808,0.7568042854,0.7432518675,0.7999632272,0.7036512653,0.64267452,0.6044331586,0.5678724123,0.7176306643,0.563165396,0.5181135036,0.5982205488,0.5696715519,0.5982752896,0.7150048409,0.7127326893,0.7595162787,0.7444851973,0.7412770562,0.8408920797,0.7180837679,0.5998453811,0.6684649792,0.6653818742,0.6455768828,0.6292149148,0.6680669876,0.6763397079,0.663197574,0.6912241335,0.7075173914,0.7682752815,0.7554890774,0.7187641288,0.8152789877,0.8686004921,0.8466309504,0.8961483375,0.8630138943,0.8597436463,0.8308114604,0.8432806686,0.822918239,0.676102849,0.784212948,0.728079467,0.7251955746,0.8391469694,0.7247281402,0.754236252,0.8211856042,0.8440993487,0.8024357918,0.6559050011,0.6965033291,0.6541228395,0.7018202523,0.6901409228,0.7575065971,0.7778229981,0.7026248392,0.6873050373,0.7422890805,0.7613581425,0.7522520536,0.7767750318,0.7787434052,0.6876722899,0.6321668824,0.3973805804,0.5778202446,0.824594488,0.8521408129,0.8742166406,0.8596257597,0.889453378,0.8001571177,0.7792892038,0.76476389,0.6277792139,0.5118642345,0.6160823466,0.6296414905,0.5189426296,0.5248654743,0.5588658912,0.68832178,0.7224498354,0.727130763,0.6929818866,0.731978484,0.7219729582,0.7209941862,0.7168192017,0.6169637249,0.6479866495,0.2873171456,0.2845934349,0.3690099483,0.5778394023,0.6036249883,0.5606591637,0.6829871068,0.7681198378,0.6903733438,0.6352930907,0.5398981384,0.6161855307,0.6250574698,0.6298599564,0.5559134049,0.3810346918,0.32319764,0.3617665436,0.297574486,0.3525958423,0.3601520913,0.3410005928,0.3361005892,0.3411198687,0.3219347756,0.3226902357,0.3621897854,0.2931788298,0.2823327139,0.3377329849,0.2436561531,0.2846553333,0.4076323418,0.473262694,0.4976247662,0.6078157634,0.6931006905,0.6620919742,0.6980552365,0.6411450646,0.669893987,0.6280721859,0.5641737454,0.6315442484,0.4352299693,0.3335460905,0.4681287517,0.4245298226,0.6046902178,0.6475797795,0.6576834677,0.7024436528,0.7709157007,0.7930554014,0.886389734,0.8799110847,0.8888767574,0.8589500442,0.8560075382,0.7936264996,0.697512335,0.5998919584,0.4459746808,0.4066066806,0.4785997587,0.6360545195,0.7327172555,0.7686546132,0.8314445155,0.7468788232,0.7497485899,0.5775835993,0.5680473059,0.5767972033,0.681143354,0.6955172059,0.6586475259,0.7325941463,0.7769525227,0.7657706814,0.7192913215,0.7408267616,0.7934486478,0.8206967735,0.7769545958,0.7704470396,0.7910637534,0.756558606,0.7379629421,0.7105378679,0.732748284,0.7771727466,0.8123481278,0.7939282908,0.8079607982,0.8129946399,0.7869258932,0.7778361163,0.7381474012,0.7469081411,0.6543758558,0.6562561374,0.6584633959,0.6796615019,0.6844236755,0.6694236737,0.5806369428,0.6677573179,0.6826588487,0.7228990321,0.776146683,0.6938631916,0.5875048972,0.4468728305,0.4257562683,0.513889357,0.5895488211,0.7348443656,0.747398243,0.8268782728,0.8063498932,0.6680768147,0.7236534845,0.7287537672,0.6119650396,0.6083899964,0.597102945,0.6435095805,0.6800130222,0.7548751486,0.7301457252,0.7699994749,0.6980611655,0.7231569649,0.6803757787,0.6726378017,0.6587879364,0.7793262802,0.8153738742,0.8334252459,0.8818483612,0.8699136683,0.8408313745,0.8151654656,0.7963721444,0.7665348626,0.7271638833,0.6473696852,0.5948430338,0.6992700655,0.7440159662,0.6604927969,0.79341631,0.8123162747,0.797886548,0.8478982937,0.7956377102,0.7485956811,0.6387732653,0.6266249799,0.6407687873,0.6159247271,0.5114107456,0.4231369787,0.4921090753,0.286473286,0.3278712411,0.3100457773,0.2253692517,0.1992894073,0.2455498175,0.255801824,0.2214033052,0.2187584607,0.3063214875,0.25538397,0.2401980027,0.2293557502,0.2337011653,0.2757345881,0.2511938409,0.3108575144,0.3749643336,0.454967031,0.4019407031,0.6159189844,0.694338023,0.7209926276,0.7292746919,0.8052005511,0.6861142933,0.8216392056,0.8323540124,0.824011474,0.8258905636,0.7593519831,0.7779967209,0.7736954454,0.668302251,0.7197495423,0.6168534698,0.6445222012,0.6823729835,0.6429400028,0.5557279958,0.5513483906,0.5943010965,0.5623446955,0.7570781592,0.8223727666,0.8268026002,0.8216632656,0.7896430094,0.8167898294,0.7850629961,0.7710024275,0.8242937355,0.5255771726,0.2602172145,0.3946752313,0.2899929056,0.2790476353,0.2729606258,0.2917596999,0.2842545809,0.2826741717,0.2474206708,0.2521310428,0.2633980145,0.3180992493,0.3806208201,0.5907644166,0.5415199828,0.4450179334,0.4920461092,0.6156860566,0.6434322653,0.6711720589,0.8279331983,0.7076697225,0.7142878176,0.617244653,0.5890539938,0.5163768512,0.5311006998,0.437772911,0.3918949524,0.3517897837,0.5286444627,0.5467754248,0.4482365735,0.3946364718,0.6905902483,0.7301768435,0.7077241652,0.7290197771,0.7574377572,0.7861585731,0.7569499926,0.8089236563,0.7901589164,0.7958901806,0.819284532,0.8798177493,0.8754850983,0.8871326798,0.8972254038,0.8731035652,0.8647490419,0.8753339865,0.8881533009,0.9011894461,0.9278031085,0.9089681387,0.9095157725,0.8162895848,0.7939170766,0.7703659895,0.7992408501,0.8237776091,0.8446538211,0.8011001681,0.7910986191,0.7496792141,0.708551646,0.8078674946,0.8444914792,0.7961296405,0.7017969602,0.6863747766,0.7648531976,0.7388234727,0.7158013226,0.7725146576,0.7836260642,0.7395071585,0.7526309856,0.7587209987,0.71857528,0.6783118927,0.6898422328,0.6916157861,0.7318644877,0.7722110351,0.7232853641,0.7593721676,0.7767267983,0.7979583944,0.7761367191,0.7681229988,0.8448125494,0.8513081303,0.8121602722,0.8513789503,0.8604217922,0.869451801,0.8113130284,0.817603493,0.7963626041,0.8085430477,0.7859670037,0.8432254745,0.8277562544,0.7621351757,0.7864541331,0.8503288451,0.8097650042,0.817277677,0.73744587,0.7759267335,0.6534800151,0.6275378664,0.6963392482,0.6722051122,0.641633271,0.6122373988,0.5787051687,0.5378009791,0.4078978651,0.501705508,0.5587568909,0.6464439111,0.7268268187,0.7760588348,0.738811361,0.7421625388,0.7481588439,0.7635171905,0.7611356786,0.8190329762,0.7861237211,0.7788209652,0.5802600996,0.4587671741,0.4881903071,0.416614026,0.4137922838,0.3986320523,0.5513193144,0.666191193,0.7908940028,0.7712370176,0.8294903278,0.8089198113,0.789412542,0.7882022656,0.8319685229,0.7493901011,0.6683925866,0.6902690781,0.6390657659,0.4801235423,0.5369537404,0.3589937816,0.2887048175,0.3079082476,0.2712439253,0.2555999752,0.2827569361,0.3142773189,0.2420591352,0.2657697363,0.2828732036,0.2457137616,0.2319573695,0.2918664288,0.2443970506,0.3186499956,0.3082220119,0.2955801933,0.3472868559,0.3264295866,0.3461573825,0.3065084045,0.2980243289,0.3047037803,0.3774337953,0.4595500968,0.4232912663,0.3846155639,0.5422053606,0.7485659379,0.7735405616,0.7652135673,0.7353313508,0.7414738678,0.7782997598,0.8520674172,0.7181491096,0.803105209,0.761710719,0.8028666478,0.7253714163,0.7062384701,0.8313358127,0.8468842546,0.7524523674,0.8260003332,0.8606968874,0.8158104045,0.8295976734,0.8342015581,0.8407870594,0.8071953572,0.8096965487,0.8234026145,0.7875175096,0.748633929,0.7497038507,0.7366334084,0.5940762244,0.682734321,0.7044393356,0.7360617566,0.7470387676,0.7507599313,0.6590932939,0.7297731185,0.6941667358,0.6580364503,0.7113602927,0.7339358212,0.7503729939,0.8205454911,0.6659627935,0.7914885596,0.813966998,0.8488674004,0.7708678902,0.7676273546,0.8178273873,0.7821623974,0.7537405198,0.7511908815,0.8033283635,0.7921639045,0.7369749161,0.736039123,0.6568738802,0.7829034516,0.780363435,0.5986873307,0.6165198245,0.797211657,0.7674297602,0.7450993545,0.797443058,0.8187073062,0.8310022025,0.7936814309,0.7998750413,0.82685285,0.8139855289,0.8351264026,0.8395314735,0.8194202529,0.8357591222,0.7548492193,0.7664367609,0.7153761829,0.7304548789,0.7499666419,0.7404940204,0.7291471152,0.5928161025,0.4378359715,0.3957344618,0.5116504976,0.502281566,0.7471508294,0.8112013929,0.7691949571,0.8202930227,0.7401624559,0.7800293184,0.8334428569,0.7631446311,0.6832434759,0.7362661075,0.7615667754,0.6973583111,0.6739534166,0.7862535668,0.7387494085,0.6522399828,0.7441452561,0.7742663402,0.7163464241,0.6813207724,0.7565817471,0.7120868116,0.6355200336,0.7113183673,0.6462705524,0.5975244982,0.5386568458,0.6342084023,0.5356764779,0.5888004672,0.6493017925,0.5850812913,0.7024537421,0.6239249347,0.6505873967,0.6136030436,0.502796073,0.5649366718,0.5276042977,0.6063247942,0.5828941645,0.5119991037,0.4292317367,0.4724294665,0.7553662362,0.7121243538,0.7030859394,0.763867445,0.8245932116,0.8059032944,0.7212087753,0.8193414078,0.8242937069,0.7710511982,0.8401611007,0.7791081995,0.8413774366,0.7779819058,0.8537276031,0.8426788006,0.7879232596,0.8163974214,0.8324208207,0.8489241744,0.7552381563,0.7465206048,0.8068780334,0.8094217578,0.695374535,0.7642397643,0.8745650463,0.7852805647,0.7156639712,0.8448835008,0.767119362,0.7454313367,0.8414864077,0.8733739745,0.7680875447,0.7705104117,0.8793897892,0.8556333555,0.8127412115,0.820214441,0.8308630054,0.8591078056,0.7681920252,0.8403391723,0.8620194677,0.8124114293,0.8396706599,0.7710661827,0.8110781344,0.6868802235,0.6683948793,0.6028374631,0.698971555,0.7348160695,0.8695199229,0.8616631766,0.7457699034,0.8459907835,0.7901982754,0.8128971308,0.8815761255,0.8625849806,0.9102107779,0.8717681231,0.9068462621,0.8536711304,0.8840035179,0.9034790049,0.7977426516,0.8368849584,0.9211973476,0.9094178866,0.9164007058,0.8917207498,0.8752227227,0.8708199306,0.8978475359,0.8720047736,0.8392684518,0.8618548001,0.8599126062,0.7944805659,0.6827791039,0.6891335942,0.7270791048,0.7468195583,0.7702210563,0.7920651988,0.7953802311,0.8018465196,0.8007052466,0.8066777887,0.7845604319,0.7606271828,0.7162893976,0.740858007,0.7875259412,0.7577072414,0.8167246756,0.7589553116,0.7633351637,0.8083379919,0.6814726462,0.6652003337,0.7950371204,0.8122773978,0.7705056782,0.7891369873,0.7859334654,0.7153485546,0.6263921966,0.5278199425,0.6906944434,0.744966572,0.7702555105,0.8083876656,0.8070280485,0.7477183635,0.7222791754,0.7875877297,0.7883280945,0.7760995239,0.727484455,0.7690181503,0.6960797603,0.7366625506,0.7743226995,0.7809736732,0.7544459378,0.7217853783,0.7211635493,0.7834787432,0.6987654176,0.7508996031,0.7091217626,0.7399827014,0.7201090984,0.7164901893,0.5983911648,0.6049433039,0.5560383019,0.3740874251,0.5605330472,0.6271197402,0.687098572,0.6902905327,0.6944824641,0.7315720858,0.7772738611,0.7731962903,0.7557040193,0.7081104746,0.5757495855,0.6361240328,0.6490486653,0.5911289335,0.4298656739,0.4190159678,null,null,null,null,null,null,null,null,null,null,null,null,null,null,null,null,null,null,null,null,null,null,null,null,null,null,null,null,null,null,null,null,null,null,null,null,null,null,null,null,null,null,null,null,null,null,null,null,null,null,null,null,null,null,null,null,null,null,null,null,null,null,null,null,null,null,null,null,null,null,null,null,null,null,null,null,null,null,null,null,null,null,null,null,null,null,null,null,null,null,null,null,null,null,null,null,null,null,null,null,null,null,null,null,null,null,null,null,null,null,null,null,null,null,null,null]}},"residue_range":[{"chain_name":"A","residue_from":"46","residue_to":"1165"},{"chain_name":"B","residue_from":"46","residue_to":"1165"},{"chain_name":"C","residue_from":"46","residue_to":"1165"}],"templates":["c770d430b0dfa83bb2aafefe80e4e6af8b3ba843"],"tpl_info":{"6vsb.1.A":{"origin":"reference database","label_asym_id":"A","label_smtl_id":"A","entity_type":"polymer","entity_id":"1"},"6vsb.1.B":{"origin":"reference database","label_asym_id":"B","label_smtl_id":"B","entity_type":"polymer","entity_id":"1"},"6vsb.1.C":{"origin":"reference database","label_asym_id":"C","label_smtl_id":"C","entity_type":"polymer","entity_id":"1"}}}